기간,공장,공정코드,품명,신규분류요약,총_생산수량,총_양품수량,총_불량수량,전체_수율(%),로트별 종합수율
2026-01-03,A관(1공장),[45] 하이드레이션/전면검사,Metha_55_소사각,FRP_Sph,5527.0,5527.0,0.0,100.0,
2026-01-03,A관(1공장),[45] 하이드레이션/전면검사,Metha_55_원형,FRP_Sph,10966.0,10966.0,0.0,100.0,
2026-01-03,A관(1공장),[45] 하이드레이션/전면검사,S55_소사각,FRP_Sph,10362.0,10362.0,0.0,100.0,
2026-01-03,A관(1공장),[45] 하이드레이션/전면검사,T38_금캡,FRP_Toric,447.0,447.0,0.0,100.0,
2026-01-03,A관(1공장),[45] 하이드레이션/전면검사,T38_금캡(UV포함),FRP_Toric,1941.0,1941.0,0.0,100.0,
2026-01-03,A관(1공장),[45] 하이드레이션/전면검사,T55_소사각,FRP_Toric,497.0,497.0,0.0,100.0,
2026-01-05,A관(1공장),[10] 사출조립,1-Day_Metha,1-Day_Sph,15796.0,15716.0,0.0,99.49,
2026-01-05,A관(1공장),[10] 사출조립,1-day_58_Kontaktni-HA,1-Day_Sph,104886.0,104486.0,0.0,99.62,
2026-01-05,A관(1공장),[10] 사출조립,T55_소사각,FRP_Toric,4918.0,3623.0,1215.0,73.67,
2026-01-05,A관(1공장),[10] 사출조립,O2O2 D_UV_Toric_SMD,Si_1-Day_Toric,2430.0,2058.0,292.0,84.69,
2026-01-05,A관(1공장),[20] 분리,1-Day_Metha,1-Day_Sph,3960.0,3403.0,557.0,85.93,
2026-01-05,A관(1공장),[20] 분리,T55_소사각,FRP_Toric,607.0,558.0,49.0,91.93,
2026-01-05,A관(1공장),[45] 하이드레이션/전면검사,Advance_EO_소사각,FRP_Color_Sph,3074.0,3074.0,0.0,100.0,
2026-01-05,A관(1공장),[45] 하이드레이션/전면검사,Almond Poodle_PIA_M_(중)(Y),FRP_Color_Sph,1884.0,1884.0,0.0,100.0,
2026-01-05,A관(1공장),[45] 하이드레이션/전면검사,Baby Espresso_PIA_M_중사각(Y),FRP_Color_Sph,2000.0,2000.0,0.0,100.0,
2026-01-05,A관(1공장),[45] 하이드레이션/전면검사,Brown Bunny_PIA_M_(중)(Y),FRP_Color_Sph,500.0,500.0,0.0,100.0,
2026-01-05,A관(1공장),[45] 하이드레이션/전면검사,CLC-20_원형,FRP_Color_Sph,13290.0,13290.0,0.0,100.0,
2026-01-05,A관(1공장),[45] 하이드레이션/전면검사,Coffee Jelly_PIA_M_(중)(Y),FRP_Color_Sph,2000.0,2000.0,0.0,100.0,
2026-01-05,A관(1공장),[45] 하이드레이션/전면검사,Crazy_원형,FRP_Color_Sph,3440.0,3440.0,0.0,100.0,
2026-01-05,A관(1공장),[45] 하이드레이션/전면검사,Dollish Brown_PIA_M_(중)(Y),FRP_Color_Sph,2000.0,2000.0,0.0,100.0,
2026-01-05,A관(1공장),[45] 하이드레이션/전면검사,Dollish Gray_PIA_M_(중)(Y),FRP_Color_Sph,500.0,500.0,0.0,100.0,
2026-01-05,A관(1공장),[45] 하이드레이션/전면검사,Garnet_PIA_M_(중)(Y),FRP_Color_Sph,1100.0,1100.0,0.0,100.0,
2026-01-05,A관(1공장),[45] 하이드레이션/전면검사,NewFusion_원형,FRP_Color_Sph,991.0,991.0,0.0,100.0,
2026-01-05,A관(1공장),[45] 하이드레이션/전면검사,Sakura Smore_PIA_M_(중)(Y),FRP_Color_Sph,400.0,400.0,0.0,100.0,
2026-01-05,A관(1공장),[45] 하이드레이션/전면검사,Skin Beige_(신규)PIA_M_14.5(Y),FRP_Color_Sph,4246.0,4246.0,0.0,100.0,
2026-01-05,A관(1공장),[45] 하이드레이션/전면검사,Metha_55_소사각,FRP_Sph,40680.0,40680.0,0.0,100.0,
2026-01-05,A관(1공장),[45] 하이드레이션/전면검사,Metha_55_원형,FRP_Sph,13759.0,13759.0,0.0,100.0,
2026-01-05,A관(1공장),[45] 하이드레이션/전면검사,S55_소사각,FRP_Sph,12854.0,12854.0,0.0,100.0,
2026-01-05,A관(1공장),[45] 하이드레이션/전면검사,US55-2(M)_소사각,FRP_Sph,2028.0,2028.0,0.0,100.0,
2026-01-05,A관(1공장),[45] 하이드레이션/전면검사,T38_금캡,FRP_Toric,618.0,618.0,0.0,100.0,
2026-01-05,A관(1공장),[45] 하이드레이션/전면검사,T38_금캡(UV포함),FRP_Toric,6336.0,6336.0,0.0,100.0,
2026-01-05,A관(1공장),[45] 하이드레이션/전면검사,O2O2 M_Spherical(DK70)_K2-SMD_(소),Si_FRP_Sph,10311.0,10311.0,0.0,100.0,
2026-01-05,A관(1공장),[45] 하이드레이션/전면검사,O2O2 M_UV_Toric_SMD_(소),Si_FRP_Toric,7514.0,7514.0,0.0,100.0,
2026-01-05,A관(1공장),[55] 접착/ 멸균,Almond Poodle_PIA_M_(중)(Y),FRP_Color_Sph,1884.0,1806.0,78.0,95.86,
2026-01-05,A관(1공장),[55] 접착/ 멸균,Baby Espresso_PIA_M_중사각(Y),FRP_Color_Sph,2000.0,1946.0,54.0,97.3,
2026-01-05,A관(1공장),[55] 접착/ 멸균,Brown Bunny_PIA_M_(중)(Y),FRP_Color_Sph,500.0,484.0,16.0,96.8,
2026-01-05,A관(1공장),[55] 접착/ 멸균,Coffee Jelly_PIA_M_(중)(Y),FRP_Color_Sph,2000.0,1914.0,86.0,95.7,
2026-01-05,A관(1공장),[55] 접착/ 멸균,Dollish Brown_PIA_M_(중)(Y),FRP_Color_Sph,2000.0,1914.0,86.0,95.7,
2026-01-05,A관(1공장),[55] 접착/ 멸균,Dollish Gray_PIA_M_(중)(Y),FRP_Color_Sph,500.0,474.0,26.0,94.8,
2026-01-05,A관(1공장),[55] 접착/ 멸균,Garnet_PIA_M_(중)(Y),FRP_Color_Sph,1100.0,1054.0,46.0,95.82,
2026-01-05,A관(1공장),[55] 접착/ 멸균,Sakura Smore_PIA_M_(중)(Y),FRP_Color_Sph,400.0,368.0,32.0,92.0,
2026-01-05,A관(1공장),[55] 접착/ 멸균,Skin Beige_(신규)PIA_M_14.5(Y),FRP_Color_Sph,4246.0,4076.0,170.0,96.0,
2026-01-05,A관(1공장),[55] 접착/ 멸균,Metha_55_소사각,FRP_Sph,31480.0,30431.0,1049.0,96.67,
2026-01-05,A관(1공장),[55] 접착/ 멸균,Metha_55_원형,FRP_Sph,14651.0,14224.0,427.0,97.09,
2026-01-05,A관(1공장),[55] 접착/ 멸균,S55_소사각,FRP_Sph,11684.0,11184.0,500.0,95.72,
2026-01-05,A관(1공장),[55] 접착/ 멸균,T38_금캡,FRP_Toric,865.0,733.0,132.0,84.74,
2026-01-05,A관(1공장),[55] 접착/ 멸균,T38_금캡(UV포함),FRP_Toric,4886.0,4140.0,746.0,84.73,
2026-01-05,A관(1공장),[55] 접착/ 멸균,T55_소사각,FRP_Toric,497.0,412.0,85.0,82.9,
2026-01-05,A관(1공장),[80] 누수/규격검사,Skin Beige_(신규)PIA_M_14.5(Y),FRP_Color_Sph,1874.0,0.0,1869.0,0.0,0.0
2026-01-05,A관(1공장),[80] 누수/규격검사,Metha_55_소사각,FRP_Sph,15710.0,14283.0,1177.0,90.92,87.01
2026-01-05,A관(1공장),[80] 누수/규격검사,Metha_55_원형,FRP_Sph,8066.0,7671.0,355.0,95.1,91.91
2026-01-05,A관(1공장),[80] 누수/규격검사,S55_소사각,FRP_Sph,8108.0,5914.0,1944.0,72.94,70.55
2026-01-05,C관(2공장),[10] 사출조립,1-Day_iris_Blue Moon,1-Day_Color_Sph,19707.0,17177.0,2450.0,87.16,
2026-01-05,C관(2공장),[10] 사출조립,1-Day_iris_JazzBlack,1-Day_Color_Sph,25707.0,23827.0,1800.0,92.69,
2026-01-05,C관(2공장),[10] 사출조립,1-Day_iris_Latin,1-Day_Color_Sph,24060.0,23980.0,0.0,99.67,
2026-01-05,C관(2공장),[10] 사출조립,1-Day_iris_SoulBrown,1-Day_Color_Sph,136134.0,133131.0,2443.0,97.79,
2026-01-05,C관(2공장),[10] 사출조립,1-Day_iris_Suzy Gray,1-Day_Color_Sph,86410.0,81149.0,5021.0,93.91,
2026-01-05,C관(2공장),[10] 사출조립,AKMA REAL FIT 3 COLOR Gray,1-Day_Color_Sph,48334.0,42769.0,5405.0,88.49,
2026-01-05,C관(2공장),[10] 사출조립,ALICIA BROWN(근시),1-Day_Color_Sph,73373.0,66772.0,6361.0,91.0,
2026-01-05,C관(2공장),[10] 사출조립,ANW D_Dusk Beige_Dopewink 38%,1-Day_Color_Sph,24165.0,20685.0,3400.0,85.6,
2026-01-05,C관(2공장),[10] 사출조립,ANW D_Through Beige_Dopewink 38%,1-Day_Color_Sph,27161.0,24701.0,2380.0,90.94,
2026-01-05,C관(2공장),[10] 사출조립,Alcon D_Chic Caramel_W4,1-Day_Color_Sph,10469.0,10389.0,0.0,99.24,
2026-01-05,C관(2공장),[10] 사출조립,Clalen D_Iris_Pure Choco,1-Day_Color_Sph,13277.0,11547.0,1650.0,86.97,
2026-01-05,C관(2공장),[10] 사출조립,Clalen D_Iris_Rosy Brown,1-Day_Color_Sph,22899.0,20169.0,2650.0,88.08,
2026-01-05,C관(2공장),[10] 사출조립,Clalen D_Iris_Shiny Brown,1-Day_Color_Sph,22865.0,20335.0,2450.0,88.94,
2026-01-05,C관(2공장),[10] 사출조립,Freedom380,1-Day_Color_Sph,51346.0,46736.0,4450.0,91.02,
2026-01-05,C관(2공장),[10] 사출조립,REAL SOME CHOCO(NOBLE MYSTIC),1-Day_Color_Sph,32928.0,28013.0,4835.0,85.07,
2026-01-05,C관(2공장),[10] 사출조립,PIA D Toric_CP-0.75 Coffee Jelly_55% UV,1-Day_Color_Toric,12606.0,12503.0,33.0,99.18,
2026-01-05,C관(2공장),[10] 사출조립,PIA D Toric_CP-0.75 TOPARDS Baby Espresso_55%_UV,1-Day_Color_Toric,12407.0,11647.0,700.0,93.87,
2026-01-05,C관(2공장),[10] 사출조립,PIA D Toric_CP-1.25 Coffee Jelly_55% UV,1-Day_Color_Toric,1893.0,878.0,1005.0,46.38,
2026-01-05,C관(2공장),[10] 사출조립,PIA D Toric_CP-1.25 TOPARDS Baby Espresso_55%_UV,1-Day_Color_Toric,20732.0,18450.0,2182.0,88.99,
2026-01-05,C관(2공장),[20] 분리,1-Day_iris_Blue Moon,1-Day_Color_Sph,39371.0,33337.0,6034.0,84.67,
2026-01-05,C관(2공장),[20] 분리,1-Day_iris_JazzBlack,1-Day_Color_Sph,33345.0,28829.0,4516.0,86.46,
2026-01-05,C관(2공장),[20] 분리,1-Day_iris_Latin,1-Day_Color_Sph,13854.0,12794.0,1060.0,92.35,
2026-01-05,C관(2공장),[20] 분리,1-Day_iris_Rhapsody,1-Day_Color_Sph,24395.0,20912.0,3483.0,85.72,
2026-01-05,C관(2공장),[20] 분리,1-Day_iris_SoulBrown,1-Day_Color_Sph,67654.0,60708.0,6946.0,89.73,
2026-01-05,C관(2공장),[20] 분리,1-Day_iris_Suzy Brown,1-Day_Color_Sph,16307.0,14658.0,1649.0,89.89,
2026-01-05,C관(2공장),[20] 분리,1-Day_iris_Suzy Gray,1-Day_Color_Sph,20319.0,17041.0,3278.0,83.87,
2026-01-05,C관(2공장),[20] 분리,AKMA REAL FIT 3 COLOR Gray,1-Day_Color_Sph,22707.0,20374.0,2333.0,89.73,
2026-01-05,C관(2공장),[20] 분리,ALICIA BROWN(근시),1-Day_Color_Sph,34398.0,29992.0,4406.0,87.19,
2026-01-05,C관(2공장),[20] 분리,Alcon D_Allure Grey_W3C,1-Day_Color_Sph,9958.0,8371.0,1587.0,84.06,
2026-01-05,C관(2공장),[20] 분리,Alcon D_Allure Hazel_W3C,1-Day_Color_Sph,10969.0,9679.0,1290.0,88.24,
2026-01-05,C관(2공장),[20] 분리,Clalen D_Iris_Rosy Brown,1-Day_Color_Sph,39926.0,34398.0,5528.0,86.15,
2026-01-05,C관(2공장),[20] 분리,PIA D_Brown Bunny_55% UV,1-Day_Color_Sph,17692.0,15211.0,2481.0,85.98,
2026-01-05,C관(2공장),[20] 분리,PIA D_Choco Ribbon_55% UV 14.2,1-Day_Color_Sph,124261.0,103934.0,20327.0,83.64,
2026-01-05,C관(2공장),[20] 분리,PIA D_Coffee Jelly_55% UV,1-Day_Color_Sph,12704.0,11328.0,1376.0,89.17,
2026-01-05,C관(2공장),[20] 분리,PIA D_Melty Mist_55% UV,1-Day_Color_Sph,4377.0,3669.0,708.0,83.82,
2026-01-05,C관(2공장),[20] 분리,PIA D_Sakura Smore_55% UV,1-Day_Color_Sph,8308.0,7397.0,911.0,89.03,
2026-01-05,C관(2공장),[20] 분리,PIA D_Sugar Ribbon_55% UV 14.2,1-Day_Color_Sph,158352.0,136280.0,22072.0,86.06,
2026-01-05,C관(2공장),[20] 분리,PIA_Cappuccino_55%_1-DAY,1-Day_Color_Sph,2557.0,2338.0,219.0,91.44,
2026-01-05,C관(2공장),[20] 분리,PIA_MS1 Dazzle Beige_2T,1-Day_Color_Sph,6198.0,5619.0,579.0,90.66,
2026-01-05,C관(2공장),[20] 분리,PIA_MS4 Mirror Gray_3T,1-Day_Color_Sph,2342.0,1995.0,347.0,85.18,
2026-01-05,C관(2공장),[20] 분리,PIA_Sheer Brown_55%_1-DAY,1-Day_Color_Sph,1298.0,1184.0,114.0,91.22,
2026-01-05,C관(2공장),[20] 분리,REAL SOME CHOCO(NOBLE MYSTIC),1-Day_Color_Sph,28013.0,25869.0,2144.0,92.35,
2026-01-05,C관(2공장),[20] 분리,PIA D Toric CP-1.25_Dazzle Gray_55% UV,1-Day_Color_Toric,1481.0,1133.0,348.0,76.5,
2026-01-05,C관(2공장),[20] 분리,PIA D Toric_CP-0.75 Brown Bunny_55% UV,1-Day_Color_Toric,3433.0,2676.0,757.0,77.95,
2026-01-05,C관(2공장),[20] 분리,PIA D Toric_CP-0.75 Coffee Jelly_55% UV,1-Day_Color_Toric,61566.0,53128.0,8438.0,86.29,
2026-01-05,C관(2공장),[20] 분리,PIA D Toric_CP-0.75 Dollish Gray_55% UV,1-Day_Color_Toric,2079.0,1784.0,295.0,85.81,
2026-01-05,C관(2공장),[20] 분리,PIA D Toric_CP-0.75 TOPARDS Baby Espresso_55%_UV,1-Day_Color_Toric,2262.0,2073.0,189.0,91.64,
2026-01-05,C관(2공장),[20] 분리,PIA D Toric_CP-1.25 Brown Bunny_55% UV,1-Day_Color_Toric,5866.0,4735.0,1131.0,80.72,
2026-01-05,C관(2공장),[20] 분리,PIA D Toric_CP-1.25 Coffee Jelly_55% UV,1-Day_Color_Toric,20732.0,18636.0,2096.0,89.89,
2026-01-05,C관(2공장),[20] 분리,PIA D Toric_CP-1.25 Dollish Gray_55% UV,1-Day_Color_Toric,6516.0,5164.0,1352.0,79.25,
2026-01-05,C관(2공장),[20] 분리,PIA D Toric_CP-1.25 TOPARDS Baby Espresso_55%_UV,1-Day_Color_Toric,13271.0,11430.0,1841.0,86.13,
2026-01-05,C관(2공장),[20] 분리,PIA_Strawberry Quartz CP-0.75 Toric_UV,1-Day_Color_Toric,4921.0,3999.0,922.0,81.26,
2026-01-05,C관(2공장),[20] 분리,PIA_Strawberry Quartz CP-1.25 Toric_UV,1-Day_Color_Toric,15375.0,12043.0,3332.0,78.33,
2026-01-05,C관(2공장),[20] 분리,1-day_58_Kontaktni-HA,1-Day_Sph,124990.0,95009.0,29981.0,76.01,
2026-01-05,C관(2공장),[20] 분리,Brulee Pearl_PIA_M(Y),FRP_Color_Sph,1408.0,1055.0,353.0,74.93,
2026-01-05,C관(2공장),[20] 분리,Coral Brown_2T_(PBT)PIA_M,FRP_Color_Sph,871.0,416.0,455.0,47.76,
2026-01-05,C관(2공장),[20] 분리,Sincere M_Air Beige_ITFAM_38% UV,FRP_Color_Sph,9423.0,5649.0,3774.0,59.95,
2026-01-05,C관(2공장),[20] 분리,Tarte Tatin_PIA_M(Y),FRP_Color_Sph,3475.0,2619.0,856.0,75.37,
2026-01-05,C관(2공장),[20] 분리,Tiramisu Ring_PIA_M_중사각(Y),FRP_Color_Sph,3477.0,1940.0,1537.0,55.8,
2026-01-05,C관(2공장),[45] 하이드레이션/전면검사,(NEW)1-Day_iris_Blue Moon,1-Day_Color_Sph,7609.0,7605.0,4.0,99.95,
2026-01-05,C관(2공장),[45] 하이드레이션/전면검사,(NEW)1-Day_iris_Suzy Brown,1-Day_Color_Sph,2024.0,2020.0,4.0,99.8,
2026-01-05,C관(2공장),[45] 하이드레이션/전면검사,(NEW)1-Day_iris_Suzy Gray,1-Day_Color_Sph,12064.0,12045.0,19.0,99.84,
2026-01-05,C관(2공장),[45] 하이드레이션/전면검사,(NEW)ALICIA BROWN(근시),1-Day_Color_Sph,35273.0,35120.0,153.0,99.57,
2026-01-05,C관(2공장),[45] 하이드레이션/전면검사,1-Day_iris_Blue Moon,1-Day_Color_Sph,23505.0,23485.0,20.0,99.91,
2026-01-05,C관(2공장),[45] 하이드레이션/전면검사,1-Day_iris_JazzBlack,1-Day_Color_Sph,24285.0,24265.0,20.0,99.92,
2026-01-05,C관(2공장),[45] 하이드레이션/전면검사,1-Day_iris_Latin,1-Day_Color_Sph,25063.0,25035.0,28.0,99.89,
2026-01-05,C관(2공장),[45] 하이드레이션/전면검사,1-Day_iris_Rhapsody,1-Day_Color_Sph,77508.0,77455.0,53.0,99.93,
2026-01-05,C관(2공장),[45] 하이드레이션/전면검사,1-Day_iris_SoulBrown,1-Day_Color_Sph,28749.0,28725.0,24.0,99.92,
2026-01-05,C관(2공장),[45] 하이드레이션/전면검사,1-Day_iris_Suzy Brown,1-Day_Color_Sph,48149.0,48115.0,34.0,99.93,
2026-01-05,C관(2공장),[45] 하이드레이션/전면검사,1-Day_iris_Suzy Gray,1-Day_Color_Sph,1995.0,1995.0,0.0,100.0,
2026-01-05,C관(2공장),[45] 하이드레이션/전면검사,AKMA REAL FIT 3 Gray,1-Day_Color_Sph,49419.0,49375.0,44.0,99.91,
2026-01-05,C관(2공장),[45] 하이드레이션/전면검사,Clalen D_Iris_Rosy Brown,1-Day_Color_Sph,34398.0,34365.0,33.0,99.9,
2026-01-05,C관(2공장),[45] 하이드레이션/전면검사,EYEQUE_AK Brown_GIRL POWER,1-Day_Color_Sph,1.0,0.0,0.0,0.0,
2026-01-05,C관(2공장),[45] 하이드레이션/전면검사,IRIS_Jazz black(NEW),1-Day_Color_Sph,753.0,750.0,3.0,99.6,
2026-01-05,C관(2공장),[45] 하이드레이션/전면검사,IRIS_LATIN(NEW),1-Day_Color_Sph,12802.0,12795.0,7.0,99.95,
2026-01-05,C관(2공장),[45] 하이드레이션/전면검사,IRIS_Soul Brown(NEW),1-Day_Color_Sph,29656.0,29630.0,26.0,99.91,
2026-01-05,C관(2공장),[45] 하이드레이션/전면검사,JEWEL MOON D_Emerald Moon_55%,1-Day_Color_Sph,12306.0,12285.0,21.0,99.83,
2026-01-05,C관(2공장),[45] 하이드레이션/전면검사,JEWEL MOON D_Pearl Moon_55%,1-Day_Color_Sph,6893.0,6885.0,8.0,99.88,
2026-01-05,C관(2공장),[45] 하이드레이션/전면검사,JEWEL MOON D_Sapphire Moon_55%,1-Day_Color_Sph,8683.0,8670.0,13.0,99.85,
2026-01-05,C관(2공장),[45] 하이드레이션/전면검사,JEWEL MOON D_Sunstone Moon_55%,1-Day_Color_Sph,5223.0,5215.0,8.0,99.85,
2026-01-05,C관(2공장),[45] 하이드레이션/전면검사,JEWEL MOON D_Topaz Moon_55%,1-Day_Color_Sph,4593.0,4590.0,3.0,99.93,
2026-01-05,C관(2공장),[45] 하이드레이션/전면검사,Layala_Alicia Brown,1-Day_Color_Sph,8835.0,8830.0,5.0,99.94,
2026-01-05,C관(2공장),[45] 하이드레이션/전면검사,Layala_Jazz Black,1-Day_Color_Sph,9223.0,9215.0,8.0,99.91,
2026-01-05,C관(2공장),[45] 하이드레이션/전면검사,PIA D_Blueberry Jam_55% UV,1-Day_Color_Sph,28339.0,28305.0,34.0,99.88,
2026-01-05,C관(2공장),[45] 하이드레이션/전면검사,PIA D_Brown Bunny_55% UV,1-Day_Color_Sph,6260.0,6250.0,10.0,99.84,
2026-01-05,C관(2공장),[45] 하이드레이션/전면검사,PIA D_Brulee Pearl_55%_14.2 UV,1-Day_Color_Sph,21307.0,21290.0,17.0,99.92,
2026-01-05,C관(2공장),[45] 하이드레이션/전면검사,PIA D_Bubble Blue_55% UV,1-Day_Color_Sph,511.0,510.0,1.0,99.8,
2026-01-05,C관(2공장),[45] 하이드레이션/전면검사,PIA D_Choco Ribbon_55% UV 14.2,1-Day_Color_Sph,81956.0,81890.0,66.0,99.92,
2026-01-05,C관(2공장),[45] 하이드레이션/전면검사,PIA D_Coffee Jelly_55% UV,1-Day_Color_Sph,64491.0,64425.0,66.0,99.9,
2026-01-05,C관(2공장),[45] 하이드레이션/전면검사,PIA D_Dark Peony_55% UV,1-Day_Color_Sph,5071.0,5060.0,11.0,99.78,
2026-01-05,C관(2공장),[45] 하이드레이션/전면검사,PIA D_Dollish Gray_55% UV,1-Day_Color_Sph,2332.0,2325.0,7.0,99.7,
2026-01-05,C관(2공장),[45] 하이드레이션/전면검사,PIA D_Dorayaki_55% UV,1-Day_Color_Sph,1290.0,1285.0,5.0,99.61,
2026-01-05,C관(2공장),[45] 하이드레이션/전면검사,PIA D_Dream Gray_55% UV,1-Day_Color_Sph,8413.0,8400.0,13.0,99.85,
2026-01-05,C관(2공장),[45] 하이드레이션/전면검사,PIA D_Melty Butter_55%_14.5 UV,1-Day_Color_Sph,1474.0,1470.0,4.0,99.73,
2026-01-05,C관(2공장),[45] 하이드레이션/전면검사,PIA D_Melty Mist_55% UV,1-Day_Color_Sph,1486.0,1485.0,1.0,99.93,
2026-01-05,C관(2공장),[45] 하이드레이션/전면검사,PIA D_Oolong Tea_55% UV,1-Day_Color_Sph,5553.0,5545.0,8.0,99.86,
2026-01-05,C관(2공장),[45] 하이드레이션/전면검사,PIA D_Pink Bomb_55%_14.5 UV,1-Day_Color_Sph,5770.0,5760.0,10.0,99.83,
2026-01-05,C관(2공장),[45] 하이드레이션/전면검사,PIA D_Sugar Pearl_55%_14.2 UV,1-Day_Color_Sph,20765.0,20740.0,25.0,99.88,
2026-01-05,C관(2공장),[45] 하이드레이션/전면검사,PIA D_Sugar Ribbon_55% UV 14.2,1-Day_Color_Sph,23764.0,23755.0,9.0,99.96,
2026-01-05,C관(2공장),[45] 하이드레이션/전면검사,PIA D_Tempura_55% UV,1-Day_Color_Sph,12556.0,12545.0,11.0,99.91,
2026-01-05,C관(2공장),[45] 하이드레이션/전면검사,PIA D_Tiramisu Ring_55% UV,1-Day_Color_Sph,1330.0,1330.0,0.0,100.0,
2026-01-05,C관(2공장),[45] 하이드레이션/전면검사,PIA D_ZUNDA MOCHI_55% UV,1-Day_Color_Sph,21169.0,21135.0,34.0,99.84,
2026-01-05,C관(2공장),[45] 하이드레이션/전면검사,PIA_1D 55% YakisobaPan_1T,1-Day_Color_Sph,5927.0,5915.0,12.0,99.8,
2026-01-05,C관(2공장),[45] 하이드레이션/전면검사,PIA_BROWN MANEGE,1-Day_Color_Sph,3507.0,3505.0,2.0,99.94,
2026-01-05,C관(2공장),[45] 하이드레이션/전면검사,PIA_Cappuccino_55%_1-DAY,1-Day_Color_Sph,963.0,960.0,3.0,99.69,
2026-01-05,C관(2공장),[45] 하이드레이션/전면검사,PIA_Cider_1-DAY 55%,1-Day_Color_Sph,3006.0,3005.0,1.0,99.97,
2026-01-05,C관(2공장),[45] 하이드레이션/전면검사,PIA_Lemonade_55%_1-DAY,1-Day_Color_Sph,4727.0,4715.0,12.0,99.75,
2026-01-05,C관(2공장),[45] 하이드레이션/전면검사,PIA_MS2 Dazzle Gray_2T,1-Day_Color_Sph,4107.0,4100.0,7.0,99.83,
2026-01-05,C관(2공장),[45] 하이드레이션/전면검사,PIA_MS5 Tint Brown_1T,1-Day_Color_Sph,13363.0,13345.0,18.0,99.87,
2026-01-05,C관(2공장),[45] 하이드레이션/전면검사,PIA_Matcha Latte_55%_1-DAY,1-Day_Color_Sph,4759.0,4755.0,4.0,99.92,
2026-01-05,C관(2공장),[45] 하이드레이션/전면검사,PIA_RUSTY BEIGE_1D_55%,1-Day_Color_Sph,5046.0,5030.0,16.0,99.68,
2026-01-05,C관(2공장),[45] 하이드레이션/전면검사,PIA_SMOKEY BEIGE_1D_55%,1-Day_Color_Sph,7290.0,7270.0,20.0,99.73,
2026-01-05,C관(2공장),[45] 하이드레이션/전면검사,PIA_Sheer Black_55%_1-DAY,1-Day_Color_Sph,8714.0,8700.0,14.0,99.84,
2026-01-05,C관(2공장),[45] 하이드레이션/전면검사,PIA_TAMA KONNYAKU_55%,1-Day_Color_Sph,965.0,965.0,0.0,100.0,
2026-01-05,C관(2공장),[45] 하이드레이션/전면검사,PIA_Tulle Brown_1D_55%_14.2,1-Day_Color_Sph,1974.0,1970.0,4.0,99.8,
2026-01-05,C관(2공장),[45] 하이드레이션/전면검사,Rina_Choco Brown_1-Day,1-Day_Color_Sph,3045.0,3040.0,5.0,99.84,
2026-01-05,C관(2공장),[45] 하이드레이션/전면검사,Rina_Crystal Gray_1-Day,1-Day_Color_Sph,1871.0,1870.0,1.0,99.95,
2026-01-05,C관(2공장),[45] 하이드레이션/전면검사,PIA D Toric_CP-0.75 Coffee Jelly_55% UV,1-Day_Color_Toric,22480.0,22465.0,15.0,99.93,
2026-01-05,C관(2공장),[45] 하이드레이션/전면검사,PIA D Toric_CP-1.25 Coffee Jelly_55% UV,1-Day_Color_Toric,2619.0,2615.0,4.0,99.85,
2026-01-05,C관(2공장),[45] 하이드레이션/전면검사,PIA_Strawberry Quartz CP-1.25 Toric_UV,1-Day_Color_Toric,3343.0,3340.0,3.0,99.91,
2026-01-05,C관(2공장),[45] 하이드레이션/전면검사,1-DAY(OPTIC CENTER),1-Day_Sph,11121.0,11115.0,6.0,99.95,
2026-01-05,C관(2공장),[45] 하이드레이션/전면검사,1-Day_58(NEW),1-Day_Sph,22090.0,22010.0,80.0,99.64,
2026-01-05,C관(2공장),[55] 접착/ 멸균,(NEW)1-Day_iris_Blue Moon,1-Day_Color_Sph,3395.0,3370.0,20.0,99.26,
2026-01-05,C관(2공장),[55] 접착/ 멸균,(NEW)ALICIA BROWN(근시),1-Day_Color_Sph,26230.0,24848.0,1352.0,94.73,
2026-01-05,C관(2공장),[55] 접착/ 멸균,1-Day_iris_Blue Moon,1-Day_Color_Sph,2060.0,2040.0,15.0,99.03,
2026-01-05,C관(2공장),[55] 접착/ 멸균,1-Day_iris_JazzBlack,1-Day_Color_Sph,20040.0,19760.0,265.0,98.6,
2026-01-05,C관(2공장),[55] 접착/ 멸균,1-Day_iris_Latin,1-Day_Color_Sph,21095.0,20785.0,275.0,98.53,
2026-01-05,C관(2공장),[55] 접착/ 멸균,1-Day_iris_Rhapsody,1-Day_Color_Sph,67470.0,66290.0,1090.0,98.25,
2026-01-05,C관(2공장),[55] 접착/ 멸균,1-Day_iris_Suzy Brown,1-Day_Color_Sph,46650.0,46115.0,460.0,98.85,
2026-01-05,C관(2공장),[55] 접착/ 멸균,1-Day_iris_Suzy Gray,1-Day_Color_Sph,1995.0,1975.0,15.0,99.0,
2026-01-05,C관(2공장),[55] 접착/ 멸균,AKMA REAL FIT 3 Gray,1-Day_Color_Sph,34895.0,34420.0,405.0,98.64,
2026-01-05,C관(2공장),[55] 접착/ 멸균,Clalen D_Iris_Rosy Brown,1-Day_Color_Sph,11090.0,10574.0,506.0,95.35,
2026-01-05,C관(2공장),[55] 접착/ 멸균,IRIS_Jazz black(NEW),1-Day_Color_Sph,750.0,735.0,15.0,98.0,
2026-01-05,C관(2공장),[55] 접착/ 멸균,IRIS_LATIN(NEW),1-Day_Color_Sph,8805.0,8675.0,120.0,98.52,
2026-01-05,C관(2공장),[55] 접착/ 멸균,IRIS_Soul Brown(NEW),1-Day_Color_Sph,23440.0,23210.0,200.0,99.02,
2026-01-05,C관(2공장),[55] 접착/ 멸균,JEWEL MOON D_Emerald Moon_55%,1-Day_Color_Sph,11045.0,10900.0,120.0,98.69,
2026-01-05,C관(2공장),[55] 접착/ 멸균,JEWEL MOON D_Pearl Moon_55%,1-Day_Color_Sph,5885.0,5750.0,125.0,97.71,
2026-01-05,C관(2공장),[55] 접착/ 멸균,JEWEL MOON D_Sapphire Moon_55%,1-Day_Color_Sph,6400.0,6285.0,100.0,98.2,
2026-01-05,C관(2공장),[55] 접착/ 멸균,JEWEL MOON D_Sunstone Moon_55%,1-Day_Color_Sph,5215.0,5080.0,120.0,97.41,
2026-01-05,C관(2공장),[55] 접착/ 멸균,JEWEL MOON D_Topaz Moon_55%,1-Day_Color_Sph,4590.0,4485.0,100.0,97.71,
2026-01-05,C관(2공장),[55] 접착/ 멸균,Layala_Jazz Black,1-Day_Color_Sph,4450.0,4375.0,65.0,98.31,
2026-01-05,C관(2공장),[55] 접착/ 멸균,PIA D_Blueberry Jam_55% UV,1-Day_Color_Sph,28305.0,27880.0,370.0,98.5,
2026-01-05,C관(2공장),[55] 접착/ 멸균,PIA D_Brown Bunny_55% UV,1-Day_Color_Sph,4185.0,4105.0,65.0,98.09,
2026-01-05,C관(2공장),[55] 접착/ 멸균,PIA D_Brulee Pearl_55%_14.2 UV,1-Day_Color_Sph,21290.0,20920.0,335.0,98.26,
2026-01-05,C관(2공장),[55] 접착/ 멸균,PIA D_Choco Ribbon_55% UV 14.2,1-Day_Color_Sph,3320.0,1957.0,1363.0,58.95,
2026-01-05,C관(2공장),[55] 접착/ 멸균,PIA D_Coffee Jelly_55% UV,1-Day_Color_Sph,64425.0,63345.0,965.0,98.32,
2026-01-05,C관(2공장),[55] 접착/ 멸균,PIA D_Dark Peony_55% UV,1-Day_Color_Sph,5060.0,4980.0,55.0,98.42,
2026-01-05,C관(2공장),[55] 접착/ 멸균,PIA D_Dollish Gray_55% UV,1-Day_Color_Sph,2325.0,2245.0,80.0,96.56,
2026-01-05,C관(2공장),[55] 접착/ 멸균,PIA D_Dorayaki_55% UV,1-Day_Color_Sph,1285.0,1255.0,25.0,97.67,
2026-01-05,C관(2공장),[55] 접착/ 멸균,PIA D_Dream Gray_55% UV,1-Day_Color_Sph,8400.0,8065.0,310.0,96.01,
2026-01-05,C관(2공장),[55] 접착/ 멸균,PIA D_Melty Butter_55%_14.5 UV,1-Day_Color_Sph,1470.0,1445.0,25.0,98.3,
2026-01-05,C관(2공장),[55] 접착/ 멸균,PIA D_Melty Mist_55% UV,1-Day_Color_Sph,1485.0,1465.0,15.0,98.65,
2026-01-05,C관(2공장),[55] 접착/ 멸균,PIA D_Oolong Tea_55% UV,1-Day_Color_Sph,5545.0,5445.0,85.0,98.2,
2026-01-05,C관(2공장),[55] 접착/ 멸균,PIA D_Pink Bomb_55%_14.5 UV,1-Day_Color_Sph,5760.0,5635.0,100.0,97.83,
2026-01-05,C관(2공장),[55] 접착/ 멸균,PIA D_Sugar Pearl_55%_14.2 UV,1-Day_Color_Sph,20740.0,20350.0,345.0,98.12,
2026-01-05,C관(2공장),[55] 접착/ 멸균,PIA D_Tempura_55% UV,1-Day_Color_Sph,12545.0,12050.0,470.0,96.05,
2026-01-05,C관(2공장),[55] 접착/ 멸균,PIA D_Tiramisu Ring_55% UV,1-Day_Color_Sph,1330.0,1310.0,20.0,98.5,
2026-01-05,C관(2공장),[55] 접착/ 멸균,PIA D_ZUNDA MOCHI_55% UV,1-Day_Color_Sph,16465.0,16095.0,325.0,97.75,
2026-01-05,C관(2공장),[55] 접착/ 멸균,PIA_1D 55% YakisobaPan_1T,1-Day_Color_Sph,5915.0,5760.0,125.0,97.38,
2026-01-05,C관(2공장),[55] 접착/ 멸균,PIA_BROWN MANEGE,1-Day_Color_Sph,2820.0,2770.0,45.0,98.23,
2026-01-05,C관(2공장),[55] 접착/ 멸균,PIA_Cappuccino_55%_1-DAY,1-Day_Color_Sph,960.0,945.0,10.0,98.44,
2026-01-05,C관(2공장),[55] 접착/ 멸균,PIA_Cider_1-DAY 55%,1-Day_Color_Sph,3005.0,2960.0,40.0,98.5,
2026-01-05,C관(2공장),[55] 접착/ 멸균,PIA_Lemonade_55%_1-DAY,1-Day_Color_Sph,3435.0,3360.0,60.0,97.82,
2026-01-05,C관(2공장),[55] 접착/ 멸균,PIA_MS2 Dazzle Gray_2T,1-Day_Color_Sph,3475.0,3450.0,20.0,99.28,
2026-01-05,C관(2공장),[55] 접착/ 멸균,PIA_MS5 Tint Brown_1T,1-Day_Color_Sph,13345.0,13020.0,290.0,97.56,
2026-01-05,C관(2공장),[55] 접착/ 멸균,PIA_Matcha Latte_55%_1-DAY,1-Day_Color_Sph,3855.0,3770.0,75.0,97.8,
2026-01-05,C관(2공장),[55] 접착/ 멸균,PIA_RUSTY BEIGE_1D_55%,1-Day_Color_Sph,5030.0,4910.0,95.0,97.61,
2026-01-05,C관(2공장),[55] 접착/ 멸균,PIA_SMOKEY BEIGE_1D_55%,1-Day_Color_Sph,7270.0,7110.0,135.0,97.8,
2026-01-05,C관(2공장),[55] 접착/ 멸균,PIA_Sheer Black_55%_1-DAY,1-Day_Color_Sph,8700.0,8350.0,320.0,95.98,
2026-01-05,C관(2공장),[55] 접착/ 멸균,PIA_TAMA KONNYAKU_55%,1-Day_Color_Sph,965.0,950.0,10.0,98.45,
2026-01-05,C관(2공장),[55] 접착/ 멸균,PIA_Tulle Brown_1D_55%_14.2,1-Day_Color_Sph,1970.0,1940.0,25.0,98.48,
2026-01-05,C관(2공장),[55] 접착/ 멸균,Rina_Choco Brown_1-Day,1-Day_Color_Sph,3040.0,2960.0,70.0,97.37,
2026-01-05,C관(2공장),[55] 접착/ 멸균,Rina_Crystal Gray_1-Day,1-Day_Color_Sph,1870.0,1855.0,15.0,99.2,
2026-01-05,C관(2공장),[55] 접착/ 멸균,PIA D Toric_CP-0.75 Coffee Jelly_55% UV,1-Day_Color_Toric,6050.0,5995.0,45.0,99.09,
2026-01-05,C관(2공장),[55] 접착/ 멸균,PIA D Toric_CP-1.25 Coffee Jelly_55% UV,1-Day_Color_Toric,2615.0,2600.0,10.0,99.43,
2026-01-05,C관(2공장),[55] 접착/ 멸균,PIA_Strawberry Quartz CP-1.25 Toric_UV,1-Day_Color_Toric,3340.0,3310.0,25.0,99.1,
2026-01-05,C관(2공장),[55] 접착/ 멸균,1-DAY(OPTIC CENTER),1-Day_Sph,4500.0,4425.0,65.0,98.33,
2026-01-05,C관(2공장),[55] 접착/ 멸균,1-Day_58(NEW),1-Day_Sph,12640.0,12230.0,385.0,96.76,
2026-01-05,C관(2공장),[80] 누수/규격검사,(NEW)1-Day_iris_Blue Moon,1-Day_Color_Sph,3370.0,3365.0,5.0,99.85,85.41
2026-01-05,C관(2공장),[80] 누수/규격검사,(NEW)ALICIA BROWN(근시),1-Day_Color_Sph,12705.0,12640.0,65.0,99.49,95.8
2026-01-05,C관(2공장),[80] 누수/규격검사,1-Day_iris_Blue Moon,1-Day_Color_Sph,2040.0,2035.0,5.0,99.75,85.32
2026-01-05,C관(2공장),[80] 누수/규격검사,1-Day_iris_JazzBlack,1-Day_Color_Sph,19760.0,19680.0,80.0,99.6,98.13
2026-01-05,C관(2공장),[80] 누수/규격검사,1-Day_iris_Latin,1-Day_Color_Sph,17845.0,17765.0,80.0,99.55,97.42
2026-01-05,C관(2공장),[80] 누수/규격검사,1-Day_iris_Rhapsody,1-Day_Color_Sph,55545.0,54835.0,160.0,98.72,96.9
2026-01-05,C관(2공장),[80] 누수/규격검사,1-Day_iris_Suzy Brown,1-Day_Color_Sph,33370.0,33280.0,90.0,99.73,98.51
2026-01-05,C관(2공장),[80] 누수/규격검사,AKMA REAL FIT 3 Gray,1-Day_Color_Sph,28835.0,28740.0,95.0,99.67,98.14
2026-01-05,C관(2공장),[80] 누수/규격검사,IRIS_LATIN(NEW),1-Day_Color_Sph,5660.0,5645.0,15.0,99.73,98.13
2026-01-05,C관(2공장),[80] 누수/규격검사,IRIS_Soul Brown(NEW),1-Day_Color_Sph,11745.0,11725.0,20.0,99.83,98.84
2026-01-05,C관(2공장),[80] 누수/규격검사,JEWEL MOON D_Emerald Moon_55%,1-Day_Color_Sph,7950.0,7940.0,10.0,99.87,98.47
2026-01-05,C관(2공장),[80] 누수/규격검사,JEWEL MOON D_Pearl Moon_55%,1-Day_Color_Sph,5750.0,5735.0,15.0,99.74,97.33
2026-01-05,C관(2공장),[80] 누수/규격검사,JEWEL MOON D_Sapphire Moon_55%,1-Day_Color_Sph,4585.0,4580.0,5.0,99.89,98.47
2026-01-05,C관(2공장),[80] 누수/규격검사,JEWEL MOON D_Sunstone Moon_55%,1-Day_Color_Sph,2265.0,2260.0,5.0,99.78,95.6
2026-01-05,C관(2공장),[80] 누수/규격검사,JEWEL MOON D_Topaz Moon_55%,1-Day_Color_Sph,1915.0,1915.0,0.0,100.0,96.67
2026-01-05,C관(2공장),[80] 누수/규격검사,PIA D_Blueberry Jam_55% UV,1-Day_Color_Sph,27880.0,27705.0,135.0,99.37,97.91
2026-01-05,C관(2공장),[80] 누수/규격검사,PIA D_Brulee Pearl_55%_14.2 UV,1-Day_Color_Sph,20920.0,20830.0,90.0,99.57,97.77
2026-01-05,C관(2공장),[80] 누수/규격검사,PIA D_Coffee Jelly_55% UV,1-Day_Color_Sph,60515.0,60285.0,230.0,99.62,97.82
2026-01-05,C관(2공장),[80] 누수/규격검사,PIA D_Dark Peony_55% UV,1-Day_Color_Sph,4980.0,4945.0,35.0,99.3,97.52
2026-01-05,C관(2공장),[80] 누수/규격검사,PIA D_Dollish Gray_55% UV,1-Day_Color_Sph,2245.0,2230.0,15.0,99.33,95.64
2026-01-05,C관(2공장),[80] 누수/규격검사,PIA D_Dorayaki_55% UV,1-Day_Color_Sph,650.0,640.0,10.0,98.46,95.81
2026-01-05,C관(2공장),[80] 누수/규격검사,PIA D_Dream Gray_55% UV,1-Day_Color_Sph,8065.0,8020.0,45.0,99.44,95.38
2026-01-05,C관(2공장),[80] 누수/규격검사,PIA D_Oolong Tea_55% UV,1-Day_Color_Sph,1500.0,1490.0,10.0,99.33,97.83
2026-01-05,C관(2공장),[80] 누수/규격검사,PIA D_Pink Bomb_55%_14.5 UV,1-Day_Color_Sph,995.0,980.0,15.0,98.49,96.74
2026-01-05,C관(2공장),[80] 누수/규격검사,PIA D_Sugar Pearl_55%_14.2 UV,1-Day_Color_Sph,20350.0,20255.0,95.0,99.53,97.56
2026-01-05,C관(2공장),[80] 누수/규격검사,PIA D_Tempura_55% UV,1-Day_Color_Sph,12050.0,12010.0,40.0,99.67,95.66
2026-01-05,C관(2공장),[80] 누수/규격검사,PIA D_Tiramisu Ring_55% UV,1-Day_Color_Sph,1310.0,1295.0,15.0,98.85,97.37
2026-01-05,C관(2공장),[80] 누수/규격검사,PIA D_ZUNDA MOCHI_55% UV,1-Day_Color_Sph,13200.0,13145.0,55.0,99.58,97.34
2026-01-05,C관(2공장),[80] 누수/규격검사,PIA_1D 55% YakisobaPan_1T,1-Day_Color_Sph,4455.0,4415.0,40.0,99.1,96.08
2026-01-05,C관(2공장),[80] 누수/규격검사,PIA_BROWN MANEGE,1-Day_Color_Sph,2770.0,2770.0,0.0,100.0,98.19
2026-01-05,C관(2공장),[80] 누수/규격검사,PIA_Cider_1-DAY 55%,1-Day_Color_Sph,2960.0,2950.0,10.0,99.66,98.14
2026-01-05,C관(2공장),[80] 누수/규격검사,PIA_MS2 Dazzle Gray_2T,1-Day_Color_Sph,3450.0,3435.0,15.0,99.57,98.71
2026-01-05,C관(2공장),[80] 누수/규격검사,PIA_MS5 Tint Brown_1T,1-Day_Color_Sph,8635.0,8570.0,65.0,99.25,96.51
2026-01-05,C관(2공장),[80] 누수/규격검사,PIA_Matcha Latte_55%_1-DAY,1-Day_Color_Sph,2705.0,2690.0,15.0,99.45,97.18
2026-01-05,C관(2공장),[80] 누수/규격검사,PIA_RUSTY BEIGE_1D_55%,1-Day_Color_Sph,4910.0,4845.0,65.0,98.68,96.05
2026-01-05,C관(2공장),[80] 누수/규격검사,PIA_SMOKEY BEIGE_1D_55%,1-Day_Color_Sph,5470.0,5375.0,95.0,98.26,95.76
2026-01-05,C관(2공장),[80] 누수/규격검사,PIA_Sheer Black_55%_1-DAY,1-Day_Color_Sph,6070.0,6025.0,45.0,99.26,95.12
2026-01-05,C관(2공장),[80] 누수/규격검사,PIA_TAMA KONNYAKU_55%,1-Day_Color_Sph,950.0,945.0,5.0,99.47,97.93
2026-01-05,C관(2공장),[80] 누수/규격검사,PIA_Tulle Brown_1D_55%_14.2,1-Day_Color_Sph,1940.0,1935.0,5.0,99.74,98.02
2026-01-05,C관(2공장),[80] 누수/규격검사,Rina_Choco Brown_1-Day,1-Day_Color_Sph,810.0,800.0,10.0,98.77,95.69
2026-01-05,C관(2공장),[80] 누수/규격검사,PIA_Strawberry Quartz CP-1.25 Toric_UV,1-Day_Color_Toric,3310.0,3300.0,10.0,99.7,79.61
2026-01-05,C관(2공장),[80] 누수/규격검사,1-Day_58(NEW),1-Day_Sph,10010.0,9980.0,30.0,99.7,95.67
2026-01-05,S관(3공장),[10] 사출조립,Clalen O2O2 D_Deep Black_45%,Si_1-Day_Color_Sph,16544.0,16544.0,0.0,100.0,
2026-01-05,S관(3공장),[10] 사출조립,Clalen O2O2 D_Lake Gray_45%,Si_1-Day_Color_Sph,16632.0,16632.0,0.0,100.0,
2026-01-05,S관(3공장),[10] 사출조립,O2O2 Spherical_K2-SMDH_OPHTALMIC,Si_1-Day_Sph,24593.0,24593.0,0.0,100.0,
2026-01-05,S관(3공장),[20] 분리,Clalen O2O2 D_Deep Black_45%,Si_1-Day_Color_Sph,10698.0,9062.0,1636.0,84.71,
2026-01-05,S관(3공장),[20] 분리,Clalen O2O2 D_Lake Gray_45%,Si_1-Day_Color_Sph,4114.0,2489.0,1625.0,60.5,
2026-01-05,S관(3공장),[20] 분리,Clalen O2O2 D_Mute Brown_45%,Si_1-Day_Color_Sph,21863.0,15729.0,6134.0,71.94,
2026-01-05,S관(3공장),[20] 분리,O2O2 M_Natural Brown EX,Si_FRP_Color_Sph,3129.0,1822.0,1307.0,58.23,
2026-01-05,S관(3공장),[20] 분리,O2O2 M_Natural Gray EX,Si_FRP_Color_Sph,1023.0,633.0,390.0,61.88,
2026-01-05,S관(3공장),[45] 하이드레이션/전면검사,Clalen D_Pink Tulip Brown,1-Day_Color_Sph,18620.0,18592.0,28.0,99.85,
2026-01-05,S관(3공장),[45] 하이드레이션/전면검사,sincere Natural 1day,1-Day_Sph,26175.0,26082.0,93.0,99.64,
2026-01-05,S관(3공장),[45] 하이드레이션/전면검사,Clalen O2O2 D_Deep Black_45%,Si_1-Day_Color_Sph,10303.0,10291.0,12.0,99.88,
2026-01-05,S관(3공장),[45] 하이드레이션/전면검사,Clalen O2O2 D_Lake Gray_45%,Si_1-Day_Color_Sph,16744.0,16729.0,15.0,99.91,
2026-01-05,S관(3공장),[45] 하이드레이션/전면검사,Clalen O2O2 D_Mute Brown_45%,Si_1-Day_Color_Sph,800.0,800.0,0.0,100.0,
2026-01-05,S관(3공장),[45] 하이드레이션/전면검사,O2O2 Spherical_K2-SMDH_WHITE_OPHTALMIC,Si_1-Day_Sph,9994.0,9978.0,16.0,99.84,
2026-01-05,S관(3공장),[55] 접착/ 멸균,Clalen D_Pink Tulip Brown,1-Day_Color_Sph,16540.0,15880.0,660.0,96.01,
2026-01-05,S관(3공장),[55] 접착/ 멸균,sincere Natural 1day,1-Day_Sph,20771.0,19305.0,1466.0,92.94,
2026-01-05,S관(3공장),[55] 접착/ 멸균,Clalen O2O2 D_Deep Black_45%,Si_1-Day_Color_Sph,618.0,595.0,23.0,96.28,
2026-01-05,S관(3공장),[55] 접착/ 멸균,Clalen O2O2 D_Lake Gray_45%,Si_1-Day_Color_Sph,3165.0,3090.0,70.0,97.63,
2026-01-05,S관(3공장),[80] 누수/규격검사,Clalen D_Pink Tulip Brown,1-Day_Color_Sph,7650.0,7650.0,0.0,100.0,95.24
2026-01-05,S관(3공장),[80] 누수/규격검사,sincere Natural 1day,1-Day_Sph,16270.0,16245.0,25.0,99.85,92.89
2026-01-06,A관(1공장),[10] 사출조립,1-Day_Metha,1-Day_Sph,35048.0,34888.0,0.0,99.54,
2026-01-06,A관(1공장),[10] 사출조립,1-day_58_Kontaktni-HA,1-Day_Sph,134310.0,133119.0,711.0,99.11,
2026-01-06,A관(1공장),[10] 사출조립,S43-Dry-14.5,FRP_Sph,37715.0,34316.0,3239.0,90.99,
2026-01-06,A관(1공장),[10] 사출조립,T55_소사각,FRP_Toric,8927.0,6084.0,2683.0,68.15,
2026-01-06,A관(1공장),[20] 분리,1-Day_Metha,1-Day_Sph,32112.0,28796.0,3316.0,89.67,
2026-01-06,A관(1공장),[20] 분리,S43-Dry-14.5,FRP_Sph,10610.0,7152.0,3458.0,67.41,
2026-01-06,A관(1공장),[45] 하이드레이션/전면검사,Affogato_PIA_M_(중)(Y),FRP_Color_Sph,400.0,400.0,0.0,100.0,
2026-01-06,A관(1공장),[45] 하이드레이션/전면검사,Almond Poodle_PIA_M_(중)(Y),FRP_Color_Sph,1000.0,1000.0,0.0,100.0,
2026-01-06,A관(1공장),[45] 하이드레이션/전면검사,Brulee Pearl_PIA_M_(중)(Y),FRP_Color_Sph,1055.0,1055.0,0.0,100.0,
2026-01-06,A관(1공장),[45] 하이드레이션/전면검사,CLC-10_원형,FRP_Color_Sph,2016.0,2016.0,0.0,100.0,
2026-01-06,A관(1공장),[45] 하이드레이션/전면검사,CLC-20_원형,FRP_Color_Sph,16370.0,16370.0,0.0,100.0,
2026-01-06,A관(1공장),[45] 하이드레이션/전면검사,CLC-30_원형,FRP_Color_Sph,1228.0,1228.0,0.0,100.0,
2026-01-06,A관(1공장),[45] 하이드레이션/전면검사,Coral Brown_2T_(PBT)PIA_M_(중)(Y),FRP_Color_Sph,244.0,244.0,0.0,100.0,
2026-01-06,A관(1공장),[45] 하이드레이션/전면검사,Crazy_원형,FRP_Color_Sph,569.0,569.0,0.0,100.0,
2026-01-06,A관(1공장),[45] 하이드레이션/전면검사,Date Topaz_PIA_M_(중)(Y),FRP_Color_Sph,3197.0,3197.0,0.0,100.0,
2026-01-06,A관(1공장),[45] 하이드레이션/전면검사,Dazzle Gray_2T_(PBT)PIA_M_(중)(Y),FRP_Color_Sph,1213.0,1213.0,0.0,100.0,
2026-01-06,A관(1공장),[45] 하이드레이션/전면검사,Dollish Brown_PIA_M_(중)(Y),FRP_Color_Sph,3743.0,3743.0,0.0,100.0,
2026-01-06,A관(1공장),[45] 하이드레이션/전면검사,Garnet_PIA_M_(중)(Y),FRP_Color_Sph,1477.0,1477.0,0.0,100.0,
2026-01-06,A관(1공장),[45] 하이드레이션/전면검사,Mocha Ring_PIA_M_(중),FRP_Color_Sph,2861.0,2861.0,0.0,100.0,
2026-01-06,A관(1공장),[45] 하이드레이션/전면검사,NewFusion_원형,FRP_Color_Sph,7718.0,7718.0,0.0,100.0,
2026-01-06,A관(1공장),[45] 하이드레이션/전면검사,Oolong Tea_PIA_M_중사각(Y),FRP_Color_Sph,2986.0,2986.0,0.0,100.0,
2026-01-06,A관(1공장),[45] 하이드레이션/전면검사,Pink Bomb_PIA_M_(중)(Y),FRP_Color_Sph,2594.0,2594.0,0.0,100.0,
2026-01-06,A관(1공장),[45] 하이드레이션/전면검사,RUSTY BROWN_PIA_M_(중)(Y),FRP_Color_Sph,1500.0,1500.0,0.0,100.0,
2026-01-06,A관(1공장),[45] 하이드레이션/전면검사,RUSTY GRAY_PIA_M_중사각(Y),FRP_Color_Sph,1557.0,1557.0,0.0,100.0,
2026-01-06,A관(1공장),[45] 하이드레이션/전면검사,Sincere M_Air Beige_ITFAM_UV_38% 14.2 중사각,FRP_Color_Sph,5649.0,5649.0,0.0,100.0,
2026-01-06,A관(1공장),[45] 하이드레이션/전면검사,Skin Beige_(신규)PIA_M_14.5(Y),FRP_Color_Sph,600.0,600.0,0.0,100.0,
2026-01-06,A관(1공장),[45] 하이드레이션/전면검사,Skin Grege_(신규)PIA_M_14.5(Y),FRP_Color_Sph,1500.0,1500.0,0.0,100.0,
2026-01-06,A관(1공장),[45] 하이드레이션/전면검사,Tarte Tatin_PIA_M_(중)(Y),FRP_Color_Sph,2619.0,2619.0,0.0,100.0,
2026-01-06,A관(1공장),[45] 하이드레이션/전면검사,Tiramisu Ring_PIA_M_중사각(Y),FRP_Color_Sph,1940.0,1940.0,0.0,100.0,
2026-01-06,A관(1공장),[45] 하이드레이션/전면검사,Metha_55_금캡,FRP_Sph,933.0,933.0,0.0,100.0,
2026-01-06,A관(1공장),[45] 하이드레이션/전면검사,Metha_55_소사각,FRP_Sph,5209.0,5209.0,0.0,100.0,
2026-01-06,A관(1공장),[45] 하이드레이션/전면검사,S38-2_원형(Blue),FRP_Sph,1447.0,1447.0,0.0,100.0,
2026-01-06,A관(1공장),[45] 하이드레이션/전면검사,S55_소사각,FRP_Sph,19304.0,19304.0,0.0,100.0,
2026-01-06,A관(1공장),[45] 하이드레이션/전면검사,T38_금캡,FRP_Toric,842.0,842.0,0.0,100.0,
2026-01-06,A관(1공장),[45] 하이드레이션/전면검사,T38_금캡(UV포함),FRP_Toric,7183.0,7183.0,0.0,100.0,
2026-01-06,A관(1공장),[45] 하이드레이션/전면검사,O2O2 M_Spherical(DK70)_K2-SMD_(소),Si_FRP_Sph,8508.0,8508.0,0.0,100.0,
2026-01-06,A관(1공장),[55] 접착/ 멸균,Advance_EO_소사각,FRP_Color_Sph,2473.0,1904.0,569.0,76.99,
2026-01-06,A관(1공장),[55] 접착/ 멸균,Brulee Pearl_PIA_M_(중)(Y),FRP_Color_Sph,1055.0,1010.0,45.0,95.73,
2026-01-06,A관(1공장),[55] 접착/ 멸균,CLC-10_원형,FRP_Color_Sph,2016.0,1752.0,264.0,86.9,
2026-01-06,A관(1공장),[55] 접착/ 멸균,CLC-20_원형,FRP_Color_Sph,11525.0,10696.0,829.0,92.81,
2026-01-06,A관(1공장),[55] 접착/ 멸균,CLC-30_원형,FRP_Color_Sph,680.0,638.0,42.0,93.82,
2026-01-06,A관(1공장),[55] 접착/ 멸균,Crazy_BS_은캡,FRP_Color_Sph,51.0,51.0,0.0,100.0,
2026-01-06,A관(1공장),[55] 접착/ 멸균,Crazy_원형,FRP_Color_Sph,3061.0,2787.0,274.0,91.05,
2026-01-06,A관(1공장),[55] 접착/ 멸균,NewFusion_원형,FRP_Color_Sph,1866.0,1508.0,358.0,80.81,
2026-01-06,A관(1공장),[55] 접착/ 멸균,Tarte Tatin_PIA_M_(중)(Y),FRP_Color_Sph,2619.0,2443.0,176.0,93.28,
2026-01-06,A관(1공장),[55] 접착/ 멸균,Tiramisu Ring_PIA_M_중사각(Y),FRP_Color_Sph,1940.0,1866.0,74.0,96.19,
2026-01-06,A관(1공장),[55] 접착/ 멸균,Metha_55_소사각,FRP_Sph,16608.0,15801.0,807.0,95.14,
2026-01-06,A관(1공장),[55] 접착/ 멸균,S55_소사각,FRP_Sph,17699.0,17283.0,416.0,97.65,
2026-01-06,A관(1공장),[55] 접착/ 멸균,US55-2(M)_소사각,FRP_Sph,2028.0,1738.0,290.0,85.7,
2026-01-06,A관(1공장),[55] 접착/ 멸균,T38_금캡,FRP_Toric,842.0,798.0,44.0,94.77,
2026-01-06,A관(1공장),[55] 접착/ 멸균,T38_금캡(UV포함),FRP_Toric,5369.0,4375.0,994.0,81.49,
2026-01-06,A관(1공장),[55] 접착/ 멸균,O2O2 M_Spherical(DK70)_K2-SMD_(소),Si_FRP_Sph,3937.0,3214.0,723.0,81.64,
2026-01-06,A관(1공장),[55] 접착/ 멸균,O2O2 M_UV_Toric_SMD_(소),Si_FRP_Toric,1436.0,1078.0,358.0,75.07,
2026-01-06,A관(1공장),[80] 누수/규격검사,Advance_EO_소사각,FRP_Color_Sph,202.0,0.0,202.0,0.0,0.0
2026-01-06,A관(1공장),[80] 누수/규격검사,Almond Poodle_PIA_M_(중)(Y),FRP_Color_Sph,1806.0,1626.0,175.0,90.03,86.31
2026-01-06,A관(1공장),[80] 누수/규격검사,Baby Espresso_PIA_M_중사각(Y),FRP_Color_Sph,1946.0,1294.0,97.0,66.5,64.24
2026-01-06,A관(1공장),[80] 누수/규격검사,Brown Bunny_PIA_M_(중)(Y),FRP_Color_Sph,484.0,437.0,42.0,90.29,87.4
2026-01-06,A관(1공장),[80] 누수/규격검사,CLC-20_원형,FRP_Color_Sph,5594.0,4509.0,293.0,80.6,78.17
2026-01-06,A관(1공장),[80] 누수/규격검사,Coffee Jelly_PIA_M_(중)(Y),FRP_Color_Sph,1914.0,1848.0,56.0,96.55,92.43
2026-01-06,A관(1공장),[80] 누수/규격검사,Crazy_원형,FRP_Color_Sph,2787.0,2623.0,122.0,94.12,85.02
2026-01-06,A관(1공장),[80] 누수/규격검사,Dollish Brown_PIA_M_(중)(Y),FRP_Color_Sph,1914.0,1867.0,37.0,97.54,93.44
2026-01-06,A관(1공장),[80] 누수/규격검사,Dollish Gray_PIA_M_(중)(Y),FRP_Color_Sph,474.0,460.0,9.0,97.05,92.0
2026-01-06,A관(1공장),[80] 누수/규격검사,Garnet_PIA_M_(중)(Y),FRP_Color_Sph,1054.0,1041.0,8.0,98.77,94.64
2026-01-06,A관(1공장),[80] 누수/규격검사,NewFusion_원형,FRP_Color_Sph,716.0,609.0,107.0,85.06,70.32
2026-01-06,A관(1공장),[80] 누수/규격검사,Sakura Smore_PIA_M_(중)(Y),FRP_Color_Sph,368.0,356.0,7.0,96.74,89.0
2026-01-06,A관(1공장),[80] 누수/규격검사,Skin Beige_(신규)PIA_M_14.5(Y),FRP_Color_Sph,824.0,764.0,55.0,92.72,90.52
2026-01-06,A관(1공장),[80] 누수/규격검사,Metha_55_소사각,FRP_Sph,21687.0,20420.0,1267.0,94.16,90.99
2026-01-06,A관(1공장),[80] 누수/규격검사,Metha_55_원형,FRP_Sph,6158.0,5707.0,451.0,92.68,91.56
2026-01-06,A관(1공장),[80] 누수/규격검사,S55_소사각,FRP_Sph,1200.0,1119.0,81.0,93.25,86.08
2026-01-06,A관(1공장),[80] 누수/규격검사,T38_금캡,FRP_Toric,89.0,89.0,0.0,100.0,78.76
2026-01-06,A관(1공장),[80] 누수/규격검사,T38_금캡(UV포함),FRP_Toric,1535.0,1533.0,2.0,99.87,83.85
2026-01-06,A관(1공장),[80] 누수/규격검사,O2O2 M_Spherical(DK70)_K2-SMD_(소),Si_FRP_Sph,1072.0,731.0,49.0,68.19,45.49
2026-01-06,C관(2공장),[10] 사출조립,1-Day_iris_JazzBlack,1-Day_Color_Sph,49868.0,48808.0,900.0,97.87,
2026-01-06,C관(2공장),[10] 사출조립,1-Day_iris_Rhapsody,1-Day_Color_Sph,52624.0,45104.0,7360.0,85.71,
2026-01-06,C관(2공장),[10] 사출조립,1-Day_iris_SoulBrown,1-Day_Color_Sph,209263.0,200611.0,8092.0,95.87,
2026-01-06,C관(2공장),[10] 사출조립,ALICIA BROWN(근시),1-Day_Color_Sph,63066.0,62306.0,600.0,98.79,
2026-01-06,C관(2공장),[10] 사출조립,Alcon D_Chic Caramel_W4,1-Day_Color_Sph,39380.0,38620.0,600.0,98.07,
2026-01-06,C관(2공장),[10] 사출조립,BELLA D_Silent Gray 55%,1-Day_Color_Sph,9686.0,9206.0,400.0,95.04,
2026-01-06,C관(2공장),[10] 사출조립,Clalen D_Iris_Mocha Black,1-Day_Color_Sph,43638.0,41987.0,1491.0,96.22,
2026-01-06,C관(2공장),[10] 사출조립,Clalen D_Iris_Pure Choco,1-Day_Color_Sph,18590.0,18510.0,0.0,99.57,
2026-01-06,C관(2공장),[10] 사출조립,Clalen D_Iris_Rosy Brown,1-Day_Color_Sph,30916.0,30086.0,750.0,97.32,
2026-01-06,C관(2공장),[10] 사출조립,Clalen D_Iris_Shiny Brown,1-Day_Color_Sph,25683.0,22503.0,3100.0,87.62,
2026-01-06,C관(2공장),[10] 사출조립,Freedom380,1-Day_Color_Sph,63806.0,61046.0,2600.0,95.67,
2026-01-06,C관(2공장),[10] 사출조립,HAPA(PIA) D_Sugar High Kristin Ash Choco 14.2_55% UV,1-Day_Color_Sph,58148.0,51965.0,6023.0,89.37,
2026-01-06,C관(2공장),[10] 사출조립,PIA D_Dollish Brown_55% UV,1-Day_Color_Sph,19357.0,14727.0,4550.0,76.08,
2026-01-06,C관(2공장),[10] 사출조립,PIA D_Oolong Tea_55% UV,1-Day_Color_Sph,21981.0,18921.0,2900.0,86.08,
2026-01-06,C관(2공장),[10] 사출조립,PIA D_Twinkle Brown_55%_14.5 UV,1-Day_Color_Sph,17680.0,13700.0,3900.0,77.49,
2026-01-06,C관(2공장),[10] 사출조립,PIA_MS2 Dazzle Gray_2T,1-Day_Color_Sph,29588.0,29508.0,0.0,99.73,
2026-01-06,C관(2공장),[10] 사출조립,REAL SOME CHOCO(NOBLE MYSTIC),1-Day_Color_Sph,50500.0,45990.0,4350.0,91.07,
2026-01-06,C관(2공장),[10] 사출조립,PIA D Toric_CP-0.75 Coffee Jelly_55% UV,1-Day_Color_Toric,13027.0,12967.0,0.0,99.54,
2026-01-06,C관(2공장),[10] 사출조립,PIA D Toric_CP-0.75 TOPARDS Baby Espresso_55%_UV,1-Day_Color_Toric,11909.0,10939.0,900.0,91.85,
2026-01-06,C관(2공장),[10] 사출조립,PIA D Toric_CP-1.25 Coffee Jelly_55% UV,1-Day_Color_Toric,4342.0,4322.0,0.0,99.54,
2026-01-06,C관(2공장),[10] 사출조립,PIA D Toric_CP-1.25 TOPARDS Baby Espresso_55%_UV,1-Day_Color_Toric,16062.0,13566.0,2406.0,84.46,
2026-01-06,C관(2공장),[20] 분리,1-Day_iris_Blue Moon,1-Day_Color_Sph,17155.0,15389.0,1766.0,89.71,
2026-01-06,C관(2공장),[20] 분리,1-Day_iris_JazzBlack,1-Day_Color_Sph,55009.0,47401.0,7608.0,86.17,
2026-01-06,C관(2공장),[20] 분리,1-Day_iris_Latin,1-Day_Color_Sph,23892.0,20910.0,2982.0,87.52,
2026-01-06,C관(2공장),[20] 분리,1-Day_iris_Rhapsody,1-Day_Color_Sph,16985.0,13655.0,3330.0,80.39,
2026-01-06,C관(2공장),[20] 분리,1-Day_iris_SoulBrown,1-Day_Color_Sph,169153.0,148738.0,20415.0,87.93,
2026-01-06,C관(2공장),[20] 분리,1-Day_iris_Suzy Gray,1-Day_Color_Sph,40945.0,35639.0,5306.0,87.04,
2026-01-06,C관(2공장),[20] 분리,AKMA REAL FIT 3 COLOR Gray,1-Day_Color_Sph,16685.0,15099.0,1586.0,90.49,
2026-01-06,C관(2공장),[20] 분리,ALICIA BROWN(근시),1-Day_Color_Sph,67899.0,58560.0,9339.0,86.25,
2026-01-06,C관(2공장),[20] 분리,ANW D_Dusk Beige_Dopewink 38%,1-Day_Color_Sph,14628.0,11507.0,3121.0,78.66,
2026-01-06,C관(2공장),[20] 분리,Clalen D_Iris_Mocha Black,1-Day_Color_Sph,29030.0,24143.0,4887.0,83.17,
2026-01-06,C관(2공장),[20] 분리,Clalen D_Iris_Pure Choco,1-Day_Color_Sph,11225.0,9848.0,1377.0,87.73,
2026-01-06,C관(2공장),[20] 분리,Clalen D_Iris_Rosy Brown,1-Day_Color_Sph,16486.0,12833.0,3653.0,77.84,
2026-01-06,C관(2공장),[20] 분리,Clalen D_Iris_Shiny Brown,1-Day_Color_Sph,28515.0,25126.0,3389.0,88.12,
2026-01-06,C관(2공장),[20] 분리,HAPA(PIA) D_Sugar High Kristin Ash Choco 14.2_55% UV,1-Day_Color_Sph,19727.0,17344.0,2383.0,87.92,
2026-01-06,C관(2공장),[20] 분리,PIA D_Affogato_55% UV,1-Day_Color_Sph,1498.0,1287.0,211.0,85.91,
2026-01-06,C관(2공장),[20] 분리,PIA D_Bad Girl_55% UV,1-Day_Color_Sph,4262.0,3808.0,454.0,89.35,
2026-01-06,C관(2공장),[20] 분리,PIA D_Brown Bunny_55% UV,1-Day_Color_Sph,12123.0,9811.0,2312.0,80.93,
2026-01-06,C관(2공장),[20] 분리,PIA D_Brulee Pearl_55%_14.2 UV,1-Day_Color_Sph,1914.0,1610.0,304.0,84.12,
2026-01-06,C관(2공장),[20] 분리,PIA D_Bubble Blue_55% UV,1-Day_Color_Sph,9223.0,7612.0,1611.0,82.53,
2026-01-06,C관(2공장),[20] 분리,PIA D_Coffee Jelly_55% UV,1-Day_Color_Sph,5725.0,5006.0,719.0,87.44,
2026-01-06,C관(2공장),[20] 분리,PIA D_Dark Peony_55% UV,1-Day_Color_Sph,1774.0,1396.0,378.0,78.69,
2026-01-06,C관(2공장),[20] 분리,PIA D_Dorayaki_55% UV,1-Day_Color_Sph,1357.0,1070.0,287.0,78.85,
2026-01-06,C관(2공장),[20] 분리,PIA D_Dream Gray_55% UV,1-Day_Color_Sph,3739.0,2473.0,1266.0,66.14,
2026-01-06,C관(2공장),[20] 분리,PIA D_Love Cacao_55%_14.2 UV,1-Day_Color_Sph,26204.0,20285.0,5919.0,77.41,
2026-01-06,C관(2공장),[20] 분리,PIA D_Melty Butter_55%_14.5 UV,1-Day_Color_Sph,1711.0,1521.0,190.0,88.9,
2026-01-06,C관(2공장),[20] 분리,PIA D_Melty Mist_55% UV,1-Day_Color_Sph,2189.0,1923.0,266.0,87.85,
2026-01-06,C관(2공장),[20] 분리,PIA D_Mocha Powder_55%_14.2 UV,1-Day_Color_Sph,13829.0,10616.0,3213.0,76.77,
2026-01-06,C관(2공장),[20] 분리,PIA D_Moon Melt Brown_55%_14.5 UV,1-Day_Color_Sph,16795.0,13221.0,3574.0,78.72,
2026-01-06,C관(2공장),[20] 분리,PIA D_Oolong Tea_55% UV,1-Day_Color_Sph,3689.0,3233.0,456.0,87.64,
2026-01-06,C관(2공장),[20] 분리,PIA D_Pink Bomb_55%_14.5 UV,1-Day_Color_Sph,5916.0,3998.0,1918.0,67.58,
2026-01-06,C관(2공장),[20] 분리,PIA D_Sakura Smore_55% UV,1-Day_Color_Sph,5894.0,4363.0,1531.0,74.02,
2026-01-06,C관(2공장),[20] 분리,PIA D_Star Glow_55%_14.5 UV,1-Day_Color_Sph,12437.0,9774.0,2663.0,78.59,
2026-01-06,C관(2공장),[20] 분리,PIA D_Teddy Brown_55% UV,1-Day_Color_Sph,8315.0,7371.0,944.0,88.65,
2026-01-06,C관(2공장),[20] 분리,PIA D_Twinkle Brown_55%_14.5 UV,1-Day_Color_Sph,11651.0,9988.0,1663.0,85.73,
2026-01-06,C관(2공장),[20] 분리,PIA D_ZUNDA MOCHI_55% UV,1-Day_Color_Sph,3107.0,2861.0,246.0,92.08,
2026-01-06,C관(2공장),[20] 분리,PIA_Cafe Mocha_1D_55%_14.5,1-Day_Color_Sph,3079.0,2337.0,742.0,75.9,
2026-01-06,C관(2공장),[20] 분리,PIA_Cappuccino_55%_1-DAY,1-Day_Color_Sph,1917.0,1666.0,251.0,86.91,
2026-01-06,C관(2공장),[20] 분리,PIA_Chestnut_1D_55%_14.5,1-Day_Color_Sph,1751.0,894.0,857.0,51.06,
2026-01-06,C관(2공장),[20] 분리,PIA_Coconut_55%_1-DAY,1-Day_Color_Sph,6759.0,4213.0,2546.0,62.33,
2026-01-06,C관(2공장),[20] 분리,PIA_HOJICHA LATTE_55%,1-Day_Color_Sph,3186.0,2729.0,457.0,85.66,
2026-01-06,C관(2공장),[20] 분리,PIA_Hot Chocolate_55%_1-DAY,1-Day_Color_Sph,2052.0,1872.0,180.0,91.23,
2026-01-06,C관(2공장),[20] 분리,PIA_Lassie_1-DAY 55%,1-Day_Color_Sph,2128.0,1437.0,691.0,67.53,
2026-01-06,C관(2공장),[20] 분리,PIA_MS1 Dazzle Beige_2T,1-Day_Color_Sph,1831.0,1277.0,554.0,69.74,
2026-01-06,C관(2공장),[20] 분리,PIA_MS3 Coral Brown_2T,1-Day_Color_Sph,1107.0,531.0,576.0,47.97,
2026-01-06,C관(2공장),[20] 분리,PIA_MS4 Mirror Gray_3T,1-Day_Color_Sph,3535.0,3087.0,448.0,87.33,
2026-01-06,C관(2공장),[20] 분리,PIA_MS5 Tint Brown_1T,1-Day_Color_Sph,5533.0,4905.0,628.0,88.65,
2026-01-06,C관(2공장),[20] 분리,PIA_Sheer Black_55%_1-DAY,1-Day_Color_Sph,3938.0,3165.0,773.0,80.37,
2026-01-06,C관(2공장),[20] 분리,PIA_Sheer Brown_55%_1-DAY,1-Day_Color_Sph,9164.0,7794.0,1370.0,85.05,
2026-01-06,C관(2공장),[20] 분리,PIA_Shiny Brown_55%_14.5_1-DAY,1-Day_Color_Sph,19064.0,12487.0,6577.0,65.5,
2026-01-06,C관(2공장),[20] 분리,PIA_Tulle Brown_1D_55%_14.2,1-Day_Color_Sph,1877.0,1544.0,333.0,82.26,
2026-01-06,C관(2공장),[20] 분리,REAL SOME CHOCO(NOBLE MYSTIC),1-Day_Color_Sph,21155.0,18466.0,2689.0,87.29,
2026-01-06,C관(2공장),[20] 분리,Sincere D_Dolly Brown_ITFA_UV_38% 14.5,1-Day_Color_Sph,6647.0,3156.0,3491.0,47.48,
2026-01-06,C관(2공장),[20] 분리,sincere_Hologram Shell_1-Day 38%,1-Day_Color_Sph,14872.0,5479.0,9393.0,36.84,
2026-01-06,C관(2공장),[20] 분리,sincere_Silky Ginger_1-Day 38%,1-Day_Color_Sph,1196.0,408.0,788.0,34.11,
2026-01-06,C관(2공장),[20] 분리,sincere_Sirius Misty_1-Day 38%,1-Day_Color_Sph,14626.0,10952.0,3674.0,74.88,
2026-01-06,C관(2공장),[20] 분리,ANW D Toric_T1-A OvE_CP-0.75_UV,1-Day_Color_Toric,3647.0,3325.0,322.0,91.17,
2026-01-06,C관(2공장),[20] 분리,ANW D Toric_T1-B OvE_CP-1.25_UV,1-Day_Color_Toric,2907.0,2056.0,851.0,70.73,
2026-01-06,C관(2공장),[20] 분리,Hapa D Toric_Glazed choco_CP-1.75,1-Day_Color_Toric,16939.0,14722.0,2217.0,86.91,
2026-01-06,C관(2공장),[20] 분리,PIA D Toric CP-0.75_Dazzle Gray_55% UV,1-Day_Color_Toric,10835.0,8431.0,2404.0,77.81,
2026-01-06,C관(2공장),[20] 분리,PIA D Toric CP-1.25_Dazzle Gray_55% UV,1-Day_Color_Toric,11909.0,9841.0,2068.0,82.63,
2026-01-06,C관(2공장),[20] 분리,PIA D Toric_CP-0.75 Brown Bunny_55% UV,1-Day_Color_Toric,3056.0,2400.0,656.0,78.53,
2026-01-06,C관(2공장),[20] 분리,PIA D Toric_CP-0.75 Coffee Jelly_55% UV,1-Day_Color_Toric,3186.0,2172.0,1014.0,68.17,
2026-01-06,C관(2공장),[20] 분리,PIA D Toric_CP-0.75 Dollish Gray_55% UV,1-Day_Color_Toric,10195.0,7150.0,3045.0,70.13,
2026-01-06,C관(2공장),[20] 분리,PIA D Toric_CP-0.75 TOPARDS Baby Espresso_55%_UV,1-Day_Color_Toric,16724.0,13380.0,3344.0,80.0,
2026-01-06,C관(2공장),[20] 분리,PIA D Toric_CP-1.25 Brown Bunny_55% UV,1-Day_Color_Toric,5762.0,4545.0,1217.0,78.88,
2026-01-06,C관(2공장),[20] 분리,PIA D Toric_CP-1.25 TOPARDS Baby Espresso_55%_UV,1-Day_Color_Toric,35845.0,30066.0,5779.0,83.88,
2026-01-06,C관(2공장),[20] 분리,PIA_Brown Fondue CP-0.75 Toric_UV,1-Day_Color_Toric,1556.0,1213.0,343.0,77.96,
2026-01-06,C관(2공장),[20] 분리,PIA_Opal CP-1.25 Toric_UV,1-Day_Color_Toric,3095.0,2731.0,364.0,88.24,
2026-01-06,C관(2공장),[20] 분리,PIA_Strawberry Quartz CP-0.75 Toric_UV,1-Day_Color_Toric,2066.0,1374.0,692.0,66.51,
2026-01-06,C관(2공장),[20] 분리,PIA_Strawberry Quartz CP-1.25 Toric_UV,1-Day_Color_Toric,6285.0,3547.0,2738.0,56.44,
2026-01-06,C관(2공장),[20] 분리,(NEW)From eyes 55% clear,1-Day_Sph,410.0,140.0,270.0,34.15,
2026-01-06,C관(2공장),[20] 분리,1-day_58_Kontaktni-HA,1-Day_Sph,133767.0,99696.0,34071.0,74.53,
2026-01-06,C관(2공장),[20] 분리,Coral Brown_2T_(PBT)PIA_M,FRP_Color_Sph,411.0,172.0,239.0,41.85,
2026-01-06,C관(2공장),[20] 분리,Sincere_2week UV_Clear,FRP_Sph,26802.0,20154.0,6648.0,75.2,
2026-01-06,C관(2공장),[45] 하이드레이션/전면검사,(NEW)1-Day_iris_Suzy Gray,1-Day_Color_Sph,17661.0,17640.0,21.0,99.88,
2026-01-06,C관(2공장),[45] 하이드레이션/전면검사,(NEW)ALICIA BROWN(근시),1-Day_Color_Sph,7418.0,7405.0,13.0,99.82,
2026-01-06,C관(2공장),[45] 하이드레이션/전면검사,1-Day_iris_Blue Moon,1-Day_Color_Sph,4442.0,4435.0,7.0,99.84,
2026-01-06,C관(2공장),[45] 하이드레이션/전면검사,1-Day_iris_JazzBlack,1-Day_Color_Sph,22741.0,22710.0,31.0,99.86,
2026-01-06,C관(2공장),[45] 하이드레이션/전면검사,1-Day_iris_Latin,1-Day_Color_Sph,16674.0,16655.0,19.0,99.89,
2026-01-06,C관(2공장),[45] 하이드레이션/전면검사,1-Day_iris_SoulBrown,1-Day_Color_Sph,113562.0,113455.0,107.0,99.91,
2026-01-06,C관(2공장),[45] 하이드레이션/전면검사,1-Day_iris_Suzy Brown,1-Day_Color_Sph,1381.0,1380.0,1.0,99.93,
2026-01-06,C관(2공장),[45] 하이드레이션/전면검사,1-Day_iris_Suzy Gray,1-Day_Color_Sph,10083.0,10080.0,3.0,99.97,
2026-01-06,C관(2공장),[45] 하이드레이션/전면검사,AKMA REAL FIT 3 Gray,1-Day_Color_Sph,12147.0,12140.0,7.0,99.94,
2026-01-06,C관(2공장),[45] 하이드레이션/전면검사,ANW D_Bitter Brown_Dopewink 38%,1-Day_Color_Sph,566.0,565.0,1.0,99.82,
2026-01-06,C관(2공장),[45] 하이드레이션/전면검사,ANW D_Dusk Beige_Dopewink 38%,1-Day_Color_Sph,5496.0,5480.0,16.0,99.71,
2026-01-06,C관(2공장),[45] 하이드레이션/전면검사,Alcon D_Allure Grey_W3C(APAC),1-Day_Color_Sph,8371.0,8360.0,11.0,99.87,
2026-01-06,C관(2공장),[45] 하이드레이션/전면검사,Alcon D_Allure Hazel_W3C(APAC),1-Day_Color_Sph,48449.0,48395.0,54.0,99.89,
2026-01-06,C관(2공장),[45] 하이드레이션/전면검사,Coastal_JazzBlack(신형리드지),1-Day_Color_Sph,8792.0,8780.0,12.0,99.86,
2026-01-06,C관(2공장),[45] 하이드레이션/전면검사,Coastal_SoulBrown(신형리드지),1-Day_Color_Sph,3373.0,3370.0,3.0,99.91,
2026-01-06,C관(2공장),[45] 하이드레이션/전면검사,FGC D_Jazz Black_comfi 55%,1-Day_Color_Sph,1000.0,1000.0,0.0,100.0,
2026-01-06,C관(2공장),[45] 하이드레이션/전면검사,HAPA(PIA) D_Sugar High Kristin Ash Choco 14.2_55% UV,1-Day_Color_Sph,2488.0,2485.0,3.0,99.88,
2026-01-06,C관(2공장),[45] 하이드레이션/전면검사,IRIS_Jazz black(NEW),1-Day_Color_Sph,4620.0,4615.0,5.0,99.89,
2026-01-06,C관(2공장),[45] 하이드레이션/전면검사,IRIS_Soul Brown(NEW),1-Day_Color_Sph,6718.0,6715.0,3.0,99.96,
2026-01-06,C관(2공장),[45] 하이드레이션/전면검사,Layala_Alicia Brown,1-Day_Color_Sph,5691.0,5680.0,11.0,99.81,
2026-01-06,C관(2공장),[45] 하이드레이션/전면검사,Layala_Jazz Black,1-Day_Color_Sph,5523.0,5520.0,3.0,99.95,
2026-01-06,C관(2공장),[45] 하이드레이션/전면검사,PIA D_Bad Girl_55% UV,1-Day_Color_Sph,3808.0,3795.0,13.0,99.66,
2026-01-06,C관(2공장),[45] 하이드레이션/전면검사,PIA D_Brown Bunny_55% UV,1-Day_Color_Sph,17028.0,17009.0,19.0,99.89,
2026-01-06,C관(2공장),[45] 하이드레이션/전면검사,PIA D_Brulee Pearl_55%_14.2 UV,1-Day_Color_Sph,1610.0,1610.0,0.0,100.0,
2026-01-06,C관(2공장),[45] 하이드레이션/전면검사,PIA D_Bubble Blue_55% UV,1-Day_Color_Sph,4139.0,4135.0,4.0,99.9,
2026-01-06,C관(2공장),[45] 하이드레이션/전면검사,PIA D_Choco Ribbon_55% UV 14.2,1-Day_Color_Sph,21978.0,21940.0,38.0,99.83,
2026-01-06,C관(2공장),[45] 하이드레이션/전면검사,PIA D_Coffee Jelly_55% UV,1-Day_Color_Sph,15836.0,15810.0,26.0,99.84,
2026-01-06,C관(2공장),[45] 하이드레이션/전면검사,PIA D_Date Topaz_38% UV,1-Day_Color_Sph,1343.0,1330.0,13.0,99.03,
2026-01-06,C관(2공장),[45] 하이드레이션/전면검사,PIA D_Love Cacao_55%_14.2 UV,1-Day_Color_Sph,11361.0,11345.0,16.0,99.86,
2026-01-06,C관(2공장),[45] 하이드레이션/전면검사,PIA D_Melty Mist_55% UV,1-Day_Color_Sph,5017.0,5010.0,7.0,99.86,
2026-01-06,C관(2공장),[45] 하이드레이션/전면검사,PIA D_Mocha Powder_55%_14.2 UV,1-Day_Color_Sph,10616.0,10600.0,16.0,99.85,
2026-01-06,C관(2공장),[45] 하이드레이션/전면검사,PIA D_Moon Melt Brown_55%_14.5 UV,1-Day_Color_Sph,11271.0,11265.0,6.0,99.95,
2026-01-06,C관(2공장),[45] 하이드레이션/전면검사,PIA D_Oolong Tea_55% UV,1-Day_Color_Sph,1838.0,1830.0,8.0,99.56,
2026-01-06,C관(2공장),[45] 하이드레이션/전면검사,PIA D_Sakura Smore_55% UV,1-Day_Color_Sph,8777.0,8760.0,17.0,99.81,
2026-01-06,C관(2공장),[45] 하이드레이션/전면검사,PIA D_Star Glow_55%_14.5 UV,1-Day_Color_Sph,6534.0,6530.0,4.0,99.94,
2026-01-06,C관(2공장),[45] 하이드레이션/전면검사,PIA D_Sugar Ribbon_55% UV 14.2,1-Day_Color_Sph,112516.0,112415.0,101.0,99.91,
2026-01-06,C관(2공장),[45] 하이드레이션/전면검사,PIA D_Teddy Brown_55% UV,1-Day_Color_Sph,3096.0,3095.0,1.0,99.97,
2026-01-06,C관(2공장),[45] 하이드레이션/전면검사,PIA D_Twinkle Brown_55%_14.5 UV,1-Day_Color_Sph,587.0,585.0,2.0,99.66,
2026-01-06,C관(2공장),[45] 하이드레이션/전면검사,PIA_BROWN MANEGE,1-Day_Color_Sph,1471.0,1460.0,11.0,99.25,
2026-01-06,C관(2공장),[45] 하이드레이션/전면검사,PIA_Cafe Mocha_1D_55%_14.5,1-Day_Color_Sph,1414.0,1410.0,4.0,99.72,
2026-01-06,C관(2공장),[45] 하이드레이션/전면검사,PIA_Cappuccino_55%_1-DAY,1-Day_Color_Sph,3438.0,3435.0,3.0,99.91,
2026-01-06,C관(2공장),[45] 하이드레이션/전면검사,PIA_Chestnut_1D_55%_14.5,1-Day_Color_Sph,894.0,890.0,4.0,99.55,
2026-01-06,C관(2공장),[45] 하이드레이션/전면검사,PIA_KEOPI BROWN,1-Day_Color_Sph,3799.0,3795.0,4.0,99.89,
2026-01-06,C관(2공장),[45] 하이드레이션/전면검사,PIA_MS1 Dazzle Beige_2T,1-Day_Color_Sph,6344.0,6330.0,14.0,99.78,
2026-01-06,C관(2공장),[45] 하이드레이션/전면검사,PIA_MS3 Coral Brown_2T,1-Day_Color_Sph,418.0,415.0,3.0,99.28,
2026-01-06,C관(2공장),[45] 하이드레이션/전면검사,PIA_MS4 Mirror Gray_3T,1-Day_Color_Sph,4239.0,4225.0,14.0,99.67,
2026-01-06,C관(2공장),[45] 하이드레이션/전면검사,PIA_Matcha Latte_55%_1-DAY,1-Day_Color_Sph,888.0,885.0,3.0,99.66,
2026-01-06,C관(2공장),[45] 하이드레이션/전면검사,PIA_Sheer Black_55%_1-DAY,1-Day_Color_Sph,1096.0,1095.0,1.0,99.91,
2026-01-06,C관(2공장),[45] 하이드레이션/전면검사,PIA_Sheer Brown_55%_1-DAY,1-Day_Color_Sph,6869.0,6855.0,14.0,99.8,
2026-01-06,C관(2공장),[45] 하이드레이션/전면검사,PIA_Shiny Brown_55%_14.5_1-DAY,1-Day_Color_Sph,6235.0,6230.0,5.0,99.92,
2026-01-06,C관(2공장),[45] 하이드레이션/전면검사,PIA_Tulle Brown_1D_55%_14.2,1-Day_Color_Sph,451.0,450.0,1.0,99.78,
2026-01-06,C관(2공장),[45] 하이드레이션/전면검사,REAL SOME CHOCO(NOBLE MYSTIC),1-Day_Color_Sph,25869.0,25850.0,19.0,99.93,
2026-01-06,C관(2공장),[45] 하이드레이션/전면검사,Sincere D_Air Beige_ITFA_38% UV,1-Day_Color_Sph,300.0,300.0,0.0,100.0,
2026-01-06,C관(2공장),[45] 하이드레이션/전면검사,Sincere D_Dolly Brown_ITFA_UV_38% 14.5,1-Day_Color_Sph,4294.0,4285.0,9.0,99.79,
2026-01-06,C관(2공장),[45] 하이드레이션/전면검사,sincere_Hologram Shell_1-Day 38%,1-Day_Color_Sph,1400.0,1390.0,6.0,99.29,
2026-01-06,C관(2공장),[45] 하이드레이션/전면검사,sincere_Silky Ginger_1-Day 38%,1-Day_Color_Sph,605.0,600.0,3.0,99.17,
2026-01-06,C관(2공장),[45] 하이드레이션/전면검사,sincere_Sirius Misty_1-Day 38%,1-Day_Color_Sph,4801.0,4790.0,7.0,99.77,
2026-01-06,C관(2공장),[45] 하이드레이션/전면검사,ANW D Toric_T1-A OvE_CP-0.75_UV,1-Day_Color_Toric,711.0,710.0,1.0,99.86,
2026-01-06,C관(2공장),[45] 하이드레이션/전면검사,ANW D Toric_T1-B OvE_CP-1.25_UV,1-Day_Color_Toric,969.0,965.0,4.0,99.59,
2026-01-06,C관(2공장),[45] 하이드레이션/전면검사,PIA D Toric CP-0.75_Dazzle Gray_55% UV,1-Day_Color_Toric,5191.0,5185.0,6.0,99.88,
2026-01-06,C관(2공장),[45] 하이드레이션/전면검사,PIA D Toric CP-1.25_Dazzle Gray_55% UV,1-Day_Color_Toric,4684.0,4675.0,9.0,99.81,
2026-01-06,C관(2공장),[45] 하이드레이션/전면검사,PIA D Toric_CP-0.75 Brown Bunny_55% UV,1-Day_Color_Toric,2676.0,2675.0,1.0,99.96,
2026-01-06,C관(2공장),[45] 하이드레이션/전면검사,PIA D Toric_CP-0.75 Coffee Jelly_55% UV,1-Day_Color_Toric,32820.0,32790.0,30.0,99.91,
2026-01-06,C관(2공장),[45] 하이드레이션/전면검사,PIA D Toric_CP-0.75 Dollish Gray_55% UV,1-Day_Color_Toric,8934.0,8920.0,14.0,99.84,
2026-01-06,C관(2공장),[45] 하이드레이션/전면검사,PIA D Toric_CP-0.75 TOPARDS Baby Espresso_55%_UV,1-Day_Color_Toric,5810.0,5800.0,10.0,99.83,
2026-01-06,C관(2공장),[45] 하이드레이션/전면검사,PIA D Toric_CP-1.25 Brown Bunny_55% UV,1-Day_Color_Toric,4735.0,4730.0,5.0,99.89,
2026-01-06,C관(2공장),[45] 하이드레이션/전면검사,PIA D Toric_CP-1.25 Coffee Jelly_55% UV,1-Day_Color_Toric,15226.0,15210.0,16.0,99.89,
2026-01-06,C관(2공장),[45] 하이드레이션/전면검사,PIA D Toric_CP-1.25 Dollish Gray_55% UV,1-Day_Color_Toric,5164.0,5160.0,4.0,99.92,
2026-01-06,C관(2공장),[45] 하이드레이션/전면검사,PIA D Toric_CP-1.25 TOPARDS Baby Espresso_55%_UV,1-Day_Color_Toric,26297.0,26260.0,37.0,99.86,
2026-01-06,C관(2공장),[45] 하이드레이션/전면검사,PIA_Strawberry Quartz CP-0.75 Toric_UV,1-Day_Color_Toric,5373.0,5365.0,8.0,99.85,
2026-01-06,C관(2공장),[45] 하이드레이션/전면검사,PIA_Strawberry Quartz CP-1.25 Toric_UV,1-Day_Color_Toric,10996.0,10990.0,6.0,99.95,
2026-01-06,C관(2공장),[45] 하이드레이션/전면검사,1-DAY(OPTIC CENTER),1-Day_Sph,30628.0,30580.0,48.0,99.84,
2026-01-06,C관(2공장),[45] 하이드레이션/전면검사,1-Day_Contakt(유효기간_8년),1-Day_Sph,1502.0,1500.0,2.0,99.87,
2026-01-06,C관(2공장),[45] 하이드레이션/전면검사,1-Day_Contakt-HA,1-Day_Sph,11362.0,11345.0,17.0,99.85,
2026-01-06,C관(2공장),[45] 하이드레이션/전면검사,1-day_58_Kontaktni-HA,1-Day_Sph,13168.0,13155.0,13.0,99.9,
2026-01-06,C관(2공장),[45] 하이드레이션/전면검사,Metha D_FML_55%,1-Day_Sph,12270.0,12255.0,15.0,99.88,
2026-01-06,C관(2공장),[45] 하이드레이션/전면검사,Metha_Daily,1-Day_Sph,4455.0,4450.0,5.0,99.89,
2026-01-06,C관(2공장),[55] 접착/ 멸균,(NEW)1-Day_iris_Blue Moon,1-Day_Color_Sph,4210.0,4090.0,115.0,97.15,
2026-01-06,C관(2공장),[55] 접착/ 멸균,(NEW)1-Day_iris_Suzy Brown,1-Day_Color_Sph,2020.0,1990.0,30.0,98.51,
2026-01-06,C관(2공장),[55] 접착/ 멸균,(NEW)1-Day_iris_Suzy Gray,1-Day_Color_Sph,23235.0,22970.0,245.0,98.86,
2026-01-06,C관(2공장),[55] 접착/ 멸균,(NEW)ALICIA BROWN(근시),1-Day_Color_Sph,15100.0,14855.0,230.0,98.38,
2026-01-06,C관(2공장),[55] 접착/ 멸균,1-Day_iris_Blue Moon,1-Day_Color_Sph,19325.0,19130.0,165.0,98.99,
2026-01-06,C관(2공장),[55] 접착/ 멸균,1-Day_iris_JazzBlack,1-Day_Color_Sph,2205.0,2175.0,25.0,98.64,
2026-01-06,C관(2공장),[55] 접착/ 멸균,1-Day_iris_Latin,1-Day_Color_Sph,1995.0,1965.0,30.0,98.5,
2026-01-06,C관(2공장),[55] 접착/ 멸균,1-Day_iris_Rhapsody,1-Day_Color_Sph,9985.0,9870.0,95.0,98.85,
2026-01-06,C관(2공장),[55] 접착/ 멸균,1-Day_iris_SoulBrown,1-Day_Color_Sph,58235.0,53787.0,4368.0,92.36,
2026-01-06,C관(2공장),[55] 접착/ 멸균,1-Day_iris_Suzy Brown,1-Day_Color_Sph,2845.0,2770.0,65.0,97.36,
2026-01-06,C관(2공장),[55] 접착/ 멸균,1-Day_iris_Suzy Gray,1-Day_Color_Sph,3405.0,3355.0,45.0,98.53,
2026-01-06,C관(2공장),[55] 접착/ 멸균,AKMA REAL FIT 3 Gray,1-Day_Color_Sph,26620.0,26285.0,285.0,98.74,
2026-01-06,C관(2공장),[55] 접착/ 멸균,ANW D_Bitter Brown_Dopewink 38%,1-Day_Color_Sph,565.0,525.0,35.0,92.92,
2026-01-06,C관(2공장),[55] 접착/ 멸균,ANW D_Dusk Beige_Dopewink 38%,1-Day_Color_Sph,5480.0,5365.0,95.0,97.9,
2026-01-06,C관(2공장),[55] 접착/ 멸균,Alcon D_Allure Grey_W3C(APAC),1-Day_Color_Sph,4445.0,4375.0,60.0,98.43,
2026-01-06,C관(2공장),[55] 접착/ 멸균,Alcon D_Allure Hazel_W3C(APAC),1-Day_Color_Sph,19500.0,19235.0,180.0,98.64,
2026-01-06,C관(2공장),[55] 접착/ 멸균,Clalen D_Iris_Rosy Brown,1-Day_Color_Sph,23265.0,22975.0,250.0,98.75,
2026-01-06,C관(2공장),[55] 접착/ 멸균,Coastal_JazzBlack(신형리드지),1-Day_Color_Sph,8780.0,8655.0,110.0,98.58,
2026-01-06,C관(2공장),[55] 접착/ 멸균,Coastal_SoulBrown(신형리드지),1-Day_Color_Sph,3370.0,3360.0,5.0,99.7,
2026-01-06,C관(2공장),[55] 접착/ 멸균,FGC D_Jazz Black_comfi 55%,1-Day_Color_Sph,1000.0,945.0,50.0,94.5,
2026-01-06,C관(2공장),[55] 접착/ 멸균,IRIS_Jazz black(NEW),1-Day_Color_Sph,1625.0,1595.0,25.0,98.15,
2026-01-06,C관(2공장),[55] 접착/ 멸균,IRIS_LATIN(NEW),1-Day_Color_Sph,3990.0,3880.0,100.0,97.24,
2026-01-06,C관(2공장),[55] 접착/ 멸균,IRIS_Soul Brown(NEW),1-Day_Color_Sph,12905.0,11990.0,900.0,92.91,
2026-01-06,C관(2공장),[55] 접착/ 멸균,JEWEL MOON D_Emerald Moon_55%,1-Day_Color_Sph,1240.0,1220.0,15.0,98.39,
2026-01-06,C관(2공장),[55] 접착/ 멸균,JEWEL MOON D_Pearl Moon_55%,1-Day_Color_Sph,1000.0,980.0,20.0,98.0,
2026-01-06,C관(2공장),[55] 접착/ 멸균,JEWEL MOON D_Sapphire Moon_55%,1-Day_Color_Sph,2270.0,2235.0,35.0,98.46,
2026-01-06,C관(2공장),[55] 접착/ 멸균,Layala_Alicia Brown,1-Day_Color_Sph,14510.0,14225.0,245.0,98.04,
2026-01-06,C관(2공장),[55] 접착/ 멸균,Layala_Jazz Black,1-Day_Color_Sph,10285.0,10165.0,95.0,98.83,
2026-01-06,C관(2공장),[55] 접착/ 멸균,PIA D_Brown Bunny_55% UV,1-Day_Color_Sph,6485.0,6330.0,145.0,97.61,
2026-01-06,C관(2공장),[55] 접착/ 멸균,PIA D_Bubble Blue_55% UV,1-Day_Color_Sph,510.0,510.0,0.0,100.0,
2026-01-06,C관(2공장),[55] 접착/ 멸균,PIA D_Choco Ribbon_55% UV 14.2,1-Day_Color_Sph,92845.0,91245.0,1485.0,98.28,
2026-01-06,C관(2공장),[55] 접착/ 멸균,PIA D_Date Topaz_38% UV,1-Day_Color_Sph,1330.0,1230.0,100.0,92.48,
2026-01-06,C관(2공장),[55] 접착/ 멸균,PIA D_Moon Melt Brown_55%_14.5 UV,1-Day_Color_Sph,11265.0,11080.0,155.0,98.36,
2026-01-06,C관(2공장),[55] 접착/ 멸균,PIA D_Sakura Smore_55% UV,1-Day_Color_Sph,3025.0,2930.0,95.0,96.86,
2026-01-06,C관(2공장),[55] 접착/ 멸균,PIA D_Star Glow_55%_14.5 UV,1-Day_Color_Sph,4185.0,4145.0,30.0,99.04,
2026-01-06,C관(2공장),[55] 접착/ 멸균,PIA D_Sugar Ribbon_55% UV 14.2,1-Day_Color_Sph,115050.0,110371.0,4529.0,95.93,
2026-01-06,C관(2공장),[55] 접착/ 멸균,PIA D_ZUNDA MOCHI_55% UV,1-Day_Color_Sph,4670.0,4580.0,90.0,98.07,
2026-01-06,C관(2공장),[55] 접착/ 멸균,PIA_BROWN MANEGE,1-Day_Color_Sph,1685.0,1580.0,95.0,93.77,
2026-01-06,C관(2공장),[55] 접착/ 멸균,PIA_KEOPI BROWN,1-Day_Color_Sph,3790.0,2606.0,1184.0,68.76,
2026-01-06,C관(2공장),[55] 접착/ 멸균,PIA_Lemonade_55%_1-DAY,1-Day_Color_Sph,1280.0,1265.0,15.0,98.83,
2026-01-06,C관(2공장),[55] 접착/ 멸균,PIA_Matcha Latte_55%_1-DAY,1-Day_Color_Sph,1785.0,1735.0,45.0,97.2,
2026-01-06,C관(2공장),[55] 접착/ 멸균,REAL SOME CHOCO(NOBLE MYSTIC),1-Day_Color_Sph,25850.0,25585.0,245.0,98.97,
2026-01-06,C관(2공장),[55] 접착/ 멸균,Sincere D_Air Beige_ITFA_38% UV,1-Day_Color_Sph,300.0,265.0,30.0,88.33,
2026-01-06,C관(2공장),[55] 접착/ 멸균,Sincere D_Dolly Brown_ITFA_UV_38% 14.5,1-Day_Color_Sph,4285.0,4195.0,80.0,97.9,
2026-01-06,C관(2공장),[55] 접착/ 멸균,sincere_Sirius Misty_1-Day 38%,1-Day_Color_Sph,4780.0,3403.0,1372.0,71.19,
2026-01-06,C관(2공장),[55] 접착/ 멸균,ANW D Toric_T1-A OvE_CP-0.75_UV,1-Day_Color_Toric,710.0,685.0,20.0,96.48,
2026-01-06,C관(2공장),[55] 접착/ 멸균,ANW D Toric_T1-B OvE_CP-1.25_UV,1-Day_Color_Toric,965.0,935.0,25.0,96.89,
2026-01-06,C관(2공장),[55] 접착/ 멸균,PIA D Toric CP-0.75_Dazzle Gray_55% UV,1-Day_Color_Toric,1620.0,1570.0,50.0,96.91,
2026-01-06,C관(2공장),[55] 접착/ 멸균,PIA D Toric CP-1.25_Dazzle Gray_55% UV,1-Day_Color_Toric,2175.0,2135.0,35.0,98.16,
2026-01-06,C관(2공장),[55] 접착/ 멸균,PIA D Toric_CP-0.75 Brown Bunny_55% UV,1-Day_Color_Toric,2675.0,2645.0,30.0,98.88,
2026-01-06,C관(2공장),[55] 접착/ 멸균,PIA D Toric_CP-0.75 Coffee Jelly_55% UV,1-Day_Color_Toric,31800.0,30379.0,1366.0,95.53,
2026-01-06,C관(2공장),[55] 접착/ 멸균,PIA D Toric_CP-0.75 TOPARDS Baby Espresso_55%_UV,1-Day_Color_Toric,1500.0,1148.0,347.0,76.53,
2026-01-06,C관(2공장),[55] 접착/ 멸균,PIA D Toric_CP-1.25 Brown Bunny_55% UV,1-Day_Color_Toric,2855.0,2780.0,70.0,97.37,
2026-01-06,C관(2공장),[55] 접착/ 멸균,PIA D Toric_CP-1.25 Coffee Jelly_55% UV,1-Day_Color_Toric,15210.0,15060.0,135.0,99.01,
2026-01-06,C관(2공장),[55] 접착/ 멸균,PIA D Toric_CP-1.25 Dollish Gray_55% UV,1-Day_Color_Toric,3280.0,3235.0,40.0,98.63,
2026-01-06,C관(2공장),[55] 접착/ 멸균,PIA D Toric_CP-1.25 TOPARDS Baby Espresso_55%_UV,1-Day_Color_Toric,12535.0,11254.0,1266.0,89.78,
2026-01-06,C관(2공장),[55] 접착/ 멸균,PIA_Strawberry Quartz CP-0.75 Toric_UV,1-Day_Color_Toric,3995.0,3950.0,40.0,98.87,
2026-01-06,C관(2공장),[55] 접착/ 멸균,PIA_Strawberry Quartz CP-1.25 Toric_UV,1-Day_Color_Toric,10105.0,9570.0,510.0,94.71,
2026-01-06,C관(2공장),[55] 접착/ 멸균,1-DAY(OPTIC CENTER),1-Day_Sph,9265.0,9115.0,130.0,98.38,
2026-01-06,C관(2공장),[55] 접착/ 멸균,1-Day_58(NEW),1-Day_Sph,9370.0,9085.0,260.0,96.96,
2026-01-06,C관(2공장),[55] 접착/ 멸균,1-Day_Contakt-HA,1-Day_Sph,11345.0,11160.0,160.0,98.37,
2026-01-06,C관(2공장),[55] 접착/ 멸균,1-day_58_Kontaktni-HA,1-Day_Sph,13155.0,12730.0,400.0,96.77,
2026-01-06,C관(2공장),[55] 접착/ 멸균,Metha D_FML_55%,1-Day_Sph,12255.0,12095.0,140.0,98.69,
2026-01-06,C관(2공장),[55] 접착/ 멸균,Metha_Daily,1-Day_Sph,4450.0,4410.0,30.0,99.1,
2026-01-06,C관(2공장),[80] 누수/규격검사,(NEW)1-Day_iris_Blue Moon,1-Day_Color_Sph,4090.0,4080.0,10.0,99.76,74.15
2026-01-06,C관(2공장),[80] 누수/규격검사,(NEW)1-Day_iris_Suzy Brown,1-Day_Color_Sph,1990.0,1980.0,10.0,99.5,90.29
2026-01-06,C관(2공장),[80] 누수/규격검사,(NEW)1-Day_iris_Suzy Gray,1-Day_Color_Sph,22970.0,22860.0,110.0,99.52,87.24
2026-01-06,C관(2공장),[80] 누수/규격검사,(NEW)ALICIA BROWN(근시),1-Day_Color_Sph,27660.0,27445.0,115.0,99.22,87.37
2026-01-06,C관(2공장),[80] 누수/규격검사,1-Day_iris_Blue Moon,1-Day_Color_Sph,19130.0,19100.0,30.0,99.84,85.02
2026-01-06,C관(2공장),[80] 누수/규격검사,1-Day_iris_JazzBlack,1-Day_Color_Sph,2175.0,2175.0,0.0,100.0,88.59
2026-01-06,C관(2공장),[80] 누수/규격검사,1-Day_iris_Latin,1-Day_Color_Sph,4905.0,4900.0,5.0,99.9,95.4
2026-01-06,C관(2공장),[80] 누수/규격검사,1-Day_iris_Rhapsody,1-Day_Color_Sph,18070.0,17995.0,75.0,99.58,85.18
2026-01-06,C관(2공장),[80] 누수/규격검사,1-Day_iris_SoulBrown,1-Day_Color_Sph,24590.0,24545.0,45.0,99.82,87.51
2026-01-06,C관(2공장),[80] 누수/규격검사,1-Day_iris_Suzy Brown,1-Day_Color_Sph,15515.0,15460.0,55.0,99.65,90.05
2026-01-06,C관(2공장),[80] 누수/규격검사,1-Day_iris_Suzy Gray,1-Day_Color_Sph,1975.0,1955.0,20.0,98.99,89.15
2026-01-06,C관(2공장),[80] 누수/규격검사,AKMA REAL FIT 3 Gray,1-Day_Color_Sph,31870.0,31780.0,90.0,99.72,90.54
2026-01-06,C관(2공장),[80] 누수/규격검사,ANW D_Bitter Brown_Dopewink 38%,1-Day_Color_Sph,525.0,525.0,0.0,100.0,92.76
2026-01-06,C관(2공장),[80] 누수/규격검사,ANW D_Dusk Beige_Dopewink 38%,1-Day_Color_Sph,5365.0,5300.0,25.0,98.79,96.45
2026-01-06,C관(2공장),[80] 누수/규격검사,Alcon D_Allure Grey_W3C(APAC),1-Day_Color_Sph,1710.0,1695.0,15.0,99.12,69.98
2026-01-06,C관(2공장),[80] 누수/규격검사,Alcon D_Allure Hazel_W3C(APAC),1-Day_Color_Sph,7825.0,7770.0,55.0,99.3,98.43
2026-01-06,C관(2공장),[80] 누수/규격검사,Clalen D_Iris_Rosy Brown,1-Day_Color_Sph,31305.0,31245.0,60.0,99.81,83.63
2026-01-06,C관(2공장),[80] 누수/규격검사,Coastal_JazzBlack(신형리드지),1-Day_Color_Sph,8655.0,8625.0,30.0,99.65,91.54
2026-01-06,C관(2공장),[80] 누수/규격검사,Coastal_SoulBrown(신형리드지),1-Day_Color_Sph,3360.0,3350.0,10.0,99.7,99.32
2026-01-06,C관(2공장),[80] 누수/규격검사,FGC D_Jazz Black_comfi 55%,1-Day_Color_Sph,945.0,940.0,5.0,99.47,94.05
2026-01-06,C관(2공장),[80] 누수/규격검사,IRIS_Jazz black(NEW),1-Day_Color_Sph,2330.0,2320.0,10.0,99.57,89.49
2026-01-06,C관(2공장),[80] 누수/규격검사,IRIS_LATIN(NEW),1-Day_Color_Sph,6895.0,6870.0,25.0,99.64,92.87
2026-01-06,C관(2공장),[80] 누수/규격검사,IRIS_Soul Brown(NEW),1-Day_Color_Sph,21120.0,21070.0,50.0,99.76,97.2
2026-01-06,C관(2공장),[80] 누수/규격검사,JEWEL MOON D_Emerald Moon_55%,1-Day_Color_Sph,4170.0,4140.0,30.0,99.28,97.58
2026-01-06,C관(2공장),[80] 누수/규격검사,JEWEL MOON D_Pearl Moon_55%,1-Day_Color_Sph,980.0,980.0,0.0,100.0,98.0
2026-01-06,C관(2공장),[80] 누수/규격검사,JEWEL MOON D_Sapphire Moon_55%,1-Day_Color_Sph,3935.0,3915.0,20.0,99.49,97.1
2026-01-06,C관(2공장),[80] 누수/규격검사,JEWEL MOON D_Sunstone Moon_55%,1-Day_Color_Sph,1405.0,1400.0,5.0,99.64,98.18
2026-01-06,C관(2공장),[80] 누수/규격검사,JEWEL MOON D_Topaz Moon_55%,1-Day_Color_Sph,2570.0,2570.0,0.0,100.0,98.39
2026-01-06,C관(2공장),[80] 누수/규격검사,Layala_Alicia Brown,1-Day_Color_Sph,14225.0,14165.0,60.0,99.58,88.83
2026-01-06,C관(2공장),[80] 누수/규격검사,Layala_Jazz Black,1-Day_Color_Sph,14540.0,14445.0,95.0,99.35,86.76
2026-01-06,C관(2공장),[80] 누수/규격검사,PIA D_Brown Bunny_55% UV,1-Day_Color_Sph,6100.0,6055.0,45.0,99.26,96.75
2026-01-06,C관(2공장),[80] 누수/규격검사,PIA D_Choco Ribbon_55% UV 14.2,1-Day_Color_Sph,80565.0,80290.0,275.0,99.66,78.38
2026-01-06,C관(2공장),[80] 누수/규격검사,PIA D_Coffee Jelly_55% UV,1-Day_Color_Sph,2830.0,2820.0,10.0,99.65,98.7
2026-01-06,C관(2공장),[80] 누수/규격검사,PIA D_Date Topaz_38% UV,1-Day_Color_Sph,1230.0,1220.0,10.0,99.19,90.96
2026-01-06,C관(2공장),[80] 누수/규격검사,PIA D_Dorayaki_55% UV,1-Day_Color_Sph,605.0,595.0,10.0,98.35,95.66
2026-01-06,C관(2공장),[80] 누수/규격검사,PIA D_Melty Butter_55%_14.5 UV,1-Day_Color_Sph,1445.0,1435.0,10.0,99.31,97.35
2026-01-06,C관(2공장),[80] 누수/규격검사,PIA D_Melty Mist_55% UV,1-Day_Color_Sph,1465.0,1460.0,5.0,99.66,98.25
2026-01-06,C관(2공장),[80] 누수/규격검사,PIA D_Moon Melt Brown_55%_14.5 UV,1-Day_Color_Sph,6360.0,6325.0,35.0,99.45,75.13
2026-01-06,C관(2공장),[80] 누수/규격검사,PIA D_Oolong Tea_55% UV,1-Day_Color_Sph,3945.0,3910.0,35.0,99.11,97.03
2026-01-06,C관(2공장),[80] 누수/규격검사,PIA D_Pink Bomb_55%_14.5 UV,1-Day_Color_Sph,4640.0,4610.0,30.0,99.35,96.92
2026-01-06,C관(2공장),[80] 누수/규격검사,PIA D_Star Glow_55%_14.5 UV,1-Day_Color_Sph,2660.0,2650.0,10.0,99.62,82.4
2026-01-06,C관(2공장),[80] 누수/규격검사,PIA D_Sugar Ribbon_55% UV 14.2,1-Day_Color_Sph,82800.0,82490.0,310.0,99.63,86.58
2026-01-06,C관(2공장),[80] 누수/규격검사,PIA D_ZUNDA MOCHI_55% UV,1-Day_Color_Sph,7475.0,7415.0,60.0,99.2,96.78
2026-01-06,C관(2공장),[80] 누수/규격검사,PIA_1D 55% YakisobaPan_1T,1-Day_Color_Sph,1305.0,1290.0,15.0,98.85,96.92
2026-01-06,C관(2공장),[80] 누수/규격검사,PIA_BROWN MANEGE,1-Day_Color_Sph,660.0,650.0,10.0,98.48,94.75
2026-01-06,C관(2공장),[80] 누수/규격검사,PIA_Cappuccino_55%_1-DAY,1-Day_Color_Sph,945.0,930.0,15.0,98.41,96.57
2026-01-06,C관(2공장),[80] 누수/규격검사,PIA_Lemonade_55%_1-DAY,1-Day_Color_Sph,3360.0,3340.0,20.0,99.4,97.01
2026-01-06,C관(2공장),[80] 누수/규격검사,PIA_MS5 Tint Brown_1T,1-Day_Color_Sph,2810.0,2790.0,20.0,99.29,96.84
2026-01-06,C관(2공장),[80] 누수/규격검사,PIA_Matcha Latte_55%_1-DAY,1-Day_Color_Sph,1935.0,1905.0,30.0,98.45,95.73
2026-01-06,C관(2공장),[80] 누수/규격검사,PIA_SMOKEY BEIGE_1D_55%,1-Day_Color_Sph,1640.0,1620.0,20.0,98.78,96.66
2026-01-06,C관(2공장),[80] 누수/규격검사,PIA_Sheer Black_55%_1-DAY,1-Day_Color_Sph,2280.0,2245.0,35.0,98.46,94.6
2026-01-06,C관(2공장),[80] 누수/규격검사,REAL SOME CHOCO(NOBLE MYSTIC),1-Day_Color_Sph,25585.0,25510.0,75.0,99.71,82.21
2026-01-06,C관(2공장),[80] 누수/규격검사,Rina_Choco Brown_1-Day,1-Day_Color_Sph,2150.0,2140.0,10.0,99.53,96.89
2026-01-06,C관(2공장),[80] 누수/규격검사,Rina_Crystal Gray_1-Day,1-Day_Color_Sph,1855.0,1850.0,5.0,99.73,98.88
2026-01-06,C관(2공장),[80] 누수/규격검사,Sincere D_Air Beige_ITFA_38% UV,1-Day_Color_Sph,265.0,265.0,0.0,100.0,88.33
2026-01-06,C관(2공장),[80] 누수/규격검사,ANW D Toric_T1-A OvE_CP-0.75_UV,1-Day_Color_Toric,685.0,670.0,15.0,97.81,94.23
2026-01-06,C관(2공장),[80] 누수/규격검사,ANW D Toric_T1-B OvE_CP-1.25_UV,1-Day_Color_Toric,935.0,930.0,5.0,99.47,95.98
2026-01-06,C관(2공장),[80] 누수/규격검사,PIA D Toric_CP-0.75 Brown Bunny_55% UV,1-Day_Color_Toric,2645.0,2630.0,15.0,99.43,76.61
2026-01-06,C관(2공장),[80] 누수/규격검사,PIA D Toric_CP-0.75 Coffee Jelly_55% UV,1-Day_Color_Toric,28625.0,28485.0,140.0,99.51,74.98
2026-01-06,C관(2공장),[80] 누수/규격검사,PIA D Toric_CP-1.25 Brown Bunny_55% UV,1-Day_Color_Toric,2780.0,2780.0,0.0,100.0,81.62
2026-01-06,C관(2공장),[80] 누수/규격검사,PIA D Toric_CP-1.25 Coffee Jelly_55% UV,1-Day_Color_Toric,13985.0,13835.0,90.0,98.93,88.29
2026-01-06,C관(2공장),[80] 누수/규격검사,PIA D Toric_CP-1.25 Dollish Gray_55% UV,1-Day_Color_Toric,3235.0,3225.0,10.0,99.69,80.62
2026-01-06,C관(2공장),[80] 누수/규격검사,PIA D Toric_CP-1.25 TOPARDS Baby Espresso_55%_UV,1-Day_Color_Toric,3405.0,3390.0,15.0,99.56,84.4
2026-01-06,C관(2공장),[80] 누수/규격검사,PIA_Strawberry Quartz CP-0.75 Toric_UV,1-Day_Color_Toric,3950.0,3925.0,25.0,99.37,79.76
2026-01-06,C관(2공장),[80] 누수/규격검사,PIA_Strawberry Quartz CP-1.25 Toric_UV,1-Day_Color_Toric,4835.0,4815.0,20.0,99.59,74.85
2026-01-06,C관(2공장),[80] 누수/규격검사,1-DAY(OPTIC CENTER),1-Day_Sph,10920.0,10880.0,40.0,99.63,89.73
2026-01-06,C관(2공장),[80] 누수/규격검사,1-Day_58(NEW),1-Day_Sph,11305.0,10960.0,35.0,96.95,94.09
2026-01-06,C관(2공장),[80] 누수/규격검사,1-Day_Contakt-HA,1-Day_Sph,11160.0,11095.0,65.0,99.42,79.83
2026-01-06,C관(2공장),[80] 누수/규격검사,1-day_58_Kontaktni-HA,1-Day_Sph,9785.0,9745.0,40.0,99.59,96.1
2026-01-06,C관(2공장),[80] 누수/규격검사,Metha D_FML_55%,1-Day_Sph,12095.0,12025.0,70.0,99.42,98.01
2026-01-06,C관(2공장),[80] 누수/규격검사,Metha_Daily,1-Day_Sph,4410.0,4405.0,5.0,99.89,98.88
2026-01-06,S관(3공장),[10] 사출조립,Sincere D_Clear_38%,1-Day_Sph,16474.0,16474.0,0.0,100.0,
2026-01-06,S관(3공장),[10] 사출조립,Clalen O2O2 D_Deep Black_45%,Si_1-Day_Color_Sph,32632.0,28580.0,4052.0,87.58,
2026-01-06,S관(3공장),[10] 사출조립,Clalen O2O2 D_Lake Gray_45%,Si_1-Day_Color_Sph,33128.0,33128.0,0.0,100.0,
2026-01-06,S관(3공장),[10] 사출조립,O2O2_Multifocal_K2_SMDH_OPHTALMIC,Si_1-Day_M/F,2677.0,2677.0,0.0,100.0,
2026-01-06,S관(3공장),[10] 사출조립,O2O2 Spherical_K2-SMDH_OPHTALMIC,Si_1-Day_Sph,42793.0,42793.0,0.0,100.0,
2026-01-06,S관(3공장),[10] 사출조립,O2O2 D_Toric_SMDH,Si_1-Day_Toric,6000.0,6000.0,0.0,100.0,
2026-01-06,S관(3공장),[20] 분리,Clalen O2O2 D_Deep Black_45%,Si_1-Day_Color_Sph,5755.0,3840.0,1915.0,66.72,
2026-01-06,S관(3공장),[20] 분리,Clalen O2O2 D_Lake Gray_45%,Si_1-Day_Color_Sph,13510.0,8249.0,5261.0,61.06,
2026-01-06,S관(3공장),[20] 분리,Clalen O2O2 D_Mute Brown_45%,Si_1-Day_Color_Sph,20701.0,14536.0,6165.0,70.22,
2026-01-06,S관(3공장),[20] 분리,O2O2_Multifocal_K2_SMDH_OPHTALMIC,Si_1-Day_M/F,2677.0,2000.0,677.0,74.71,
2026-01-06,S관(3공장),[20] 분리,O2O2 Spherical_K2-SMDH_OPHTALMIC,Si_1-Day_Sph,53868.0,41451.0,12417.0,76.95,
2026-01-06,S관(3공장),[20] 분리,O2O2 D_Toric_SMDH,Si_1-Day_Toric,6000.0,6000.0,0.0,100.0,
2026-01-06,S관(3공장),[20] 분리,O2O2 M_Mysti Gray EX,Si_FRP_Color_Sph,3627.0,2173.0,1454.0,59.91,
2026-01-06,S관(3공장),[20] 분리,O2O2 M_Natural Brown EX,Si_FRP_Color_Sph,1563.0,914.0,649.0,58.48,
2026-01-06,S관(3공장),[45] 하이드레이션/전면검사,Clalen D_Pink Tulip Brown,1-Day_Color_Sph,35433.0,35258.0,175.0,99.51,
2026-01-06,S관(3공장),[45] 하이드레이션/전면검사,JEWEL MOON D_Ice gray Moon,1-Day_Color_Sph,6344.0,6325.0,19.0,99.7,
2026-01-06,S관(3공장),[45] 하이드레이션/전면검사,Clalen oneday A(O2 Edition),1-Day_Sph,15260.0,15218.0,42.0,99.72,
2026-01-06,S관(3공장),[45] 하이드레이션/전면검사,sincere Natural 1day,1-Day_Sph,1174.0,1169.0,5.0,99.57,
2026-01-06,S관(3공장),[45] 하이드레이션/전면검사,Clalen O2O2 D_Deep Black_45%,Si_1-Day_Color_Sph,1987.0,1977.0,10.0,99.5,
2026-01-06,S관(3공장),[45] 하이드레이션/전면검사,Clalen O2O2 D_Lake Gray_45%,Si_1-Day_Color_Sph,19151.0,19113.0,38.0,99.8,
2026-01-06,S관(3공장),[45] 하이드레이션/전면검사,O2O2 Spherical_K2-SMDH_WHITE_OPHTALMIC,Si_1-Day_Sph,85997.0,85691.0,306.0,99.64,
2026-01-06,S관(3공장),[45] 하이드레이션/전면검사,O2O2 D_Toric_SMDH_WHITE,Si_1-Day_Toric,6000.0,6000.0,0.0,100.0,
2026-01-06,S관(3공장),[55] 접착/ 멸균,Clalen D_Pink Tulip Brown,1-Day_Color_Sph,12980.0,4429.0,8546.0,34.12,
2026-01-06,S관(3공장),[55] 접착/ 멸균,Clalen oneday A(O2 Edition),1-Day_Sph,7342.0,7135.0,207.0,97.18,
2026-01-06,S관(3공장),[55] 접착/ 멸균,sincere Natural 1day,1-Day_Sph,5311.0,5145.0,166.0,96.87,
2026-01-06,S관(3공장),[55] 접착/ 멸균,Clalen O2O2 D_Deep Black_45%,Si_1-Day_Color_Sph,10358.0,9615.0,738.0,92.83,
2026-01-06,S관(3공장),[55] 접착/ 멸균,Clalen O2O2 D_Lake Gray_45%,Si_1-Day_Color_Sph,32677.0,31445.0,1212.0,96.23,
2026-01-06,S관(3공장),[55] 접착/ 멸균,Clalen O2O2 D_Mute Brown_45%,Si_1-Day_Color_Sph,800.0,775.0,25.0,96.88,
2026-01-06,S관(3공장),[55] 접착/ 멸균,O2O2 Spherical_K2-SMDH_WHITE_OPHTALMIC,Si_1-Day_Sph,63886.0,48704.0,15132.0,76.24,
2026-01-06,S관(3공장),[55] 접착/ 멸균,O2O2 D_Toric_SMDH_WHITE,Si_1-Day_Toric,100.0,0.0,100.0,0.0,
2026-01-06,S관(3공장),[80] 누수/규격검사,Clalen D_Pink Tulip Brown,1-Day_Color_Sph,10210.0,10195.0,15.0,99.85,96.38
2026-01-06,S관(3공장),[80] 누수/규격검사,Clalen oneday A(O2 Edition),1-Day_Sph,1740.0,1740.0,0.0,100.0,99.89
2026-01-06,S관(3공장),[80] 누수/규격검사,sincere Natural 1day,1-Day_Sph,8180.0,8075.0,105.0,98.72,95.75
2026-01-06,S관(3공장),[80] 누수/규격검사,Clalen O2O2 D_Deep Black_45%,Si_1-Day_Color_Sph,6750.0,6730.0,20.0,99.7,95.67
2026-01-06,S관(3공장),[80] 누수/규격검사,Clalen O2O2 D_Lake Gray_45%,Si_1-Day_Color_Sph,29345.0,29305.0,40.0,99.86,96.01
2026-01-06,S관(3공장),[80] 누수/규격검사,Clalen O2O2 D_Mute Brown_45%,Si_1-Day_Color_Sph,775.0,775.0,0.0,100.0,96.88
2026-01-06,S관(3공장),[80] 누수/규격검사,O2O2 Spherical_K2-SMDH_WHITE_OPHTALMIC,Si_1-Day_Sph,18570.0,18500.0,70.0,99.62,97.3
